#run,start_time,stop_time,species,cell,charge_avg_online,charge_avg_offline,charge_avg_offline_err,run_dose(Pe/cm2)
16066,2022-06-13 23:44:00-04:00,2022-06-14 01:59:00-04:00,p,15,0.8237,0.8296,0.003558,0.040779609
16067,2022-06-14 02:01:00-04:00,2022-06-14 05:51:00-04:00,p,15,0.8227,0.8283,0.003562,0.040930627
16069,2022-06-14 06:10:00-04:00,2022-06-14 08:35:00-04:00,p,15,0.8263,0.8319,0.00372,0.037415645
16074,2022-06-14 20:17:00-04:00,2022-06-14 22:34:00-04:00,p,15,0.8365,0.8436,0.003653,0.038253058
16075,2022-06-14 22:36:00-04:00,2022-06-15 00:50:00-04:00,p,15,0.8285,0.8351,0.003557,0.039769756
16076,2022-06-15 00:52:00-04:00,2022-06-15 02:53:00-04:00,p,15,0.8276,0.8339,0.003685,0.038374836
16077,2022-06-15 02:55:00-04:00,2022-06-15 05:17:00-04:00,p,15,0.8269,0.833,0.003619,0.036940855
16078,2022-06-15 05:22:00-04:00,2022-06-15 07:41:00-04:00,p,15,0.8313,0.8373,0.005776,0.015563391
16137,2022-06-20 00:02:00-04:00,2022-06-20 07:13:00-04:00,p,15,0.6343,0.6089,0.000803,0.322977652
16138,2022-06-20 07:17:00-04:00,2022-06-20 14:57:00-04:00,p,15,0.6332,0.6044,0.000851,0.276974634
16144,2022-06-20 16:02:00-04:00,2022-06-20 20:05:00-04:00,p,15,0.6306,0.5974,0.001062,0.175719647
16145,2022-06-20 20:09:00-04:00,2022-06-21 00:05:00-04:00,p,15,0.6284,0.594,0.001109,0.160738561
16146,2022-06-21 00:08:00-04:00,2022-06-21 03:08:00-04:00,p,15,0.6261,0.5911,0.002156,0.044776158
16148,2022-06-21 04:03:00-04:00,2022-06-21 08:26:00-04:00,p,15,0.6284,0.5947,0.001119,0.162090176
16156,2022-06-22 21:37:00-04:00,2022-06-22 23:43:00-04:00,p,15,-0.5815,-0.5445,0.001846,0.051398639
16157,2022-06-22 00:11:00-04:00,2022-06-22 04:06:00-04:00,p,15,-0.5772,-0.5411,0.001473,0.074165055
16158,2022-06-22 04:08:00-04:00,2022-06-22 06:01:00-04:00,p,15,-0.5768,-0.5403,0.0017,0.061797913
16164,2022-06-22 10:27:00-04:00,2022-06-22 10:53:00-04:00,p,15,-0.5839,-0.5461,0.005921,0.003889388
16166,2022-06-22 12:08:00-04:00,2022-06-22 13:08:00-04:00,p,15,-0.5813,-0.5453,0.001944,0.041715686
16167,2022-06-22 13:10:00-04:00,2022-06-22 16:34:00-04:00,p,15,-0.5796,-0.5432,0.001191,0.107184914
16168,2022-06-22 17:00:00-04:00,2022-06-22 18:01:00-04:00,p,15,-0.5826,-0.5457,0.003212,0.010510851
16169,2022-06-22 20:22:00-04:00,2022-06-22 21:29:00-04:00,p,15,-0.5826,-0.5455,0.002605,0.021893529
16170,2022-06-22 22:35:00-04:00,2022-06-23 02:51:00-04:00,p,15,-0.5789,-0.5417,0.000986,0.174286243
16178,2022-06-23 04:06:00-04:00,2022-06-23 06:16:00-04:00,p,15,-0.5728,-0.5349,0.001259,0.114582786
16211,2022-07-01 20:41:00-04:00,2022-07-02 01:15:00-04:00,p,15,0.6854,0.6648,0.001472,0.152875542
16213,2022-07-02 01:47:00-04:00,2022-07-02 04:44:00-04:00,p,15,0.6966,0.6752,0.001834,0.098967377
16214,2022-07-02 04:48:00-04:00,2022-07-02 08:41:00-04:00,p,15,0.6976,0.6755,0.001523,0.157553104
16221,2022-07-02 12:15:00-04:00,2022-07-02 16:23:00-04:00,p,15,0.6975,0.6746,0.001512,0.151032927
16222,2022-07-02 16:28:00-04:00,2022-07-02 20:23:00-04:00,p,15,0.6926,0.6689,0.001432,0.176738196
16223,2022-07-02 20:32:00-04:00,2022-07-03 00:32:00-04:00,p,15,0.6887,0.664,0.001333,0.203330626
16224,2022-07-03 00:34:00-04:00,2022-07-03 01:22:00-04:00,p,15,0.6878,0.6626,0.005007,0.012182136
16225,2022-07-03 01:58:00-04:00,2022-07-03 03:01:00-04:00,p,15,0.6885,0.6632,0.002572,0.052037753
16226,2022-07-03 03:07:00-04:00,2022-07-03 04:42:00-04:00,p,15,0.6872,0.6615,0.002718,0.044114381
16228,2022-07-03 05:35:00-04:00,2022-07-03 08:23:00-04:00,p,15,0.6873,0.6613,0.00207,0.085466588
16231,2022-07-03 13:35:00-04:00,2022-07-03 16:59:00-04:00,p,15,-0.5166,-0.4938,0.001322,0.092881706
16232,2022-07-03 17:58:00-04:00,2022-07-03 22:00:00-04:00,p,15,-0.5703,-0.5455,0.001114,0.181494246
16233,2022-07-03 22:03:00-04:00,2022-07-04 02:03:00-04:00,p,15,-0.5852,-0.5595,0.001121,0.195537741
16234,2022-07-04 02:07:00-04:00,2022-07-04 02:53:00-04:00,p,15,-0.5906,-0.5642,0.002635,0.036991716
16235,2022-07-04 03:05:00-04:00,2022-07-04 03:25:00-04:00,p,15,-0.5922,-0.5657,0.003977,0.016117881
16236,2022-07-04 03:31:00-04:00,2022-07-04 04:53:00-04:00,p,15,-0.5938,-0.5672,0.002178,0.051528286
16238,2022-07-04 05:19:00-04:00,2022-07-04 05:59:00-04:00,p,15,-0.5946,-0.5678,0.003305,0.022269139
16243,2022-07-04 08:17:00-04:00,2022-07-04 11:00:00-04:00,p,15,-0.5993,-0.572,0.00143,0.119535714
16244,2022-07-04 11:06:00-04:00,2022-07-04 13:11:00-04:00,p,15,-0.6003,-0.5727,0.001668,0.08708928
16245,2022-07-04 15:48:00-04:00,2022-07-04 20:26:00-04:00,p,15,-0.6015,-0.5733,0.001103,0.208973434
16246,2022-07-04 20:58:00-04:00,2022-07-05 00:58:00-04:00,p,15,-0.6046,-0.5759,0.001155,0.19367887
16248,2022-07-05 01:09:00-04:00,2022-07-05 05:08:00-04:00,p,15,-0.6045,-0.5753,0.001193,0.178115739
16249,2022-07-05 05:10:00-04:00,2022-07-05 06:30:00-04:00,p,15,-0.6058,-0.5764,0.002549,0.035278814
16250,2022-07-05 07:37:00-04:00,2022-07-05 08:24:00-04:00,p,15,-0.6047,-0.5753,0.002981,0.026299403
16251,2022-07-05 08:37:00-04:00,2022-07-05 09:35:00-04:00,p,15,-0.6053,-0.5756,0.002425,0.041025451
16252,2022-07-05 10:35:00-04:00,2022-07-05 12:00:00-04:00,p,15,-0.6065,-0.5768,0.002151,0.052342261
16253,2022-07-05 12:24:00-04:00,2022-07-05 16:22:00-04:00,p,15,-0.606,-0.5762,0.001313,0.136124047
16256,2022-07-05 16:44:00-04:00,2022-07-05 20:48:00-04:00,p,15,-0.6039,-0.5738,0.001181,0.183492217
16257,2022-07-05 20:56:00-04:00,2022-07-06 00:56:00-04:00,p,15,-0.602,-0.5717,0.001158,0.189341012
16259,2022-07-06 01:16:00-04:00,2022-07-06 05:16:00-04:00,p,15,-0.5981,-0.568,0.001207,0.167366885
16260,2022-07-06 05:22:00-04:00,2022-07-06 07:26:00-04:00,p,15,-0.5968,-0.5667,0.001605,0.098104626
16317,2022-07-14 23:30:00-04:00,2022-07-15 00:02:00-04:00,p,15,0.6177,0.6119,0.008856,0.025380817
16318,2022-07-15 00:05:00-04:00,2022-07-15 02:44:00-04:00,p,15,0.6051,0.5986,0.003995,0.12275691
16320,2022-07-15 02:55:00-04:00,2022-07-15 06:54:00-04:00,p,15,0.5963,0.5887,0.003472,0.156949585
16321,2022-07-15 06:56:00-04:00,2022-07-15 10:29:00-04:00,p,15,0.5903,0.5815,0.008472,0.131564773
16322,2022-07-15 10:37:00-04:00,2022-07-15 12:26:00-04:00,p,15,0.6106,0.5987,0.008428,0.077782973
16323,2022-07-15 12:32:00-04:00,2022-07-15 14:34:00-04:00,p,15,0.6138,0.6008,0.009782,0.047149399
16325,2022-07-15 19:14:00-04:00,2022-07-15 19:26:00-04:00,p,15,0.6162,0.6027,0.024539,0.010328044
16326,2022-07-15 19:33:00-04:00,2022-07-15 20:28:00-04:00,p,15,0.6136,0.6,0.015072,0.026489861
16328,2022-07-16 01:30:00-04:00,2022-07-16 05:27:00-04:00,p,15,0.6066,0.5905,0.007312,0.172955494
16329,2022-07-16 05:30:00-04:00,2022-07-16 09:30:00-04:00,p,15,0.6039,0.5867,0.006993,0.1980576
16330,2022-07-16 09:38:00-04:00,2022-07-16 13:38:00-04:00,p,15,0.6003,0.5818,0.00679,0.220586043
16331,2022-07-16 13:40:00-04:00,2022-07-16 15:29:00-04:00,p,15,0.5994,0.58,0.011086,0.071417729
16332,2022-07-16 15:48:00-04:00,2022-07-16 16:19:00-04:00,p,15,0.6013,0.5813,0.027529,0.010945552
16333,2022-07-16 17:30:00-04:00,2022-07-16 18:33:00-04:00,p,15,0.6023,0.5822,0.014954,0.031640059
16335,2022-07-16 23:37:00-04:00,2022-07-17 03:39:00-04:00,p,15,-0.5117,-0.5048,0.005735,0.159741663
16336,2022-07-17 03:32:00-04:00,2022-07-17 05:52:00-04:00,p,15,-0.5248,-0.5175,0.007639,0.092415116
16337,2022-07-17 05:57:00-04:00,2022-07-17 07:36:00-04:00,p,15,-0.5268,-0.5191,0.009432,0.064219777
16338,2022-07-17 07:46:00-04:00,2022-07-17 10:56:00-04:00,p,15,-0.532,-0.524,0.006651,0.137778471
16339,2022-07-17 11:08:00-04:00,2022-07-17 12:16:00-04:00,p,15,-0.5356,-0.5273,0.011442,0.043685315
16341,2022-07-17 12:34:00-04:00,2022-07-17 16:31:00-04:00,p,15,-0.5362,-0.5275,0.006018,0.163558231
16343,2022-07-17 16:56:00-04:00,2022-07-17 20:31:00-04:00,p,15,-0.5336,-0.5242,0.006232,0.155888789
16345,2022-07-17 20:51:00-04:00,2022-07-17 21:52:00-04:00,p,15,-0.5309,-0.521,0.011255,0.047713268
16346,2022-07-17 22:13:00-04:00,2022-07-18 02:10:00-04:00,p,15,-0.5352,-0.5249,0.005679,0.188092528
16348,2022-07-18 02:20:00-04:00,2022-07-18 06:19:00-04:00,p,15,-0.5326,-0.5216,0.005738,0.180702125
16350,2022-07-18 06:27:00-04:00,2022-07-18 10:28:00-04:00,p,15,-0.5347,-0.5235,0.006606,0.132281055
16352,2022-07-18 10:38:00-04:00,2022-07-18 14:42:00-04:00,p,15,-0.536,-0.5243,0.005826,0.166787431
16353,2022-07-18 14:50:00-04:00,2022-07-18 18:52:00-04:00,p,15,-0.5343,-0.5221,0.005644,0.187949735
16354,2022-07-18 18:54:00-04:00,2022-07-18 22:49:00-04:00,p,15,-0.5328,-0.5202,0.005682,0.173467696
16355,2022-07-18 22:52:00-04:00,2022-07-19 02:46:00-04:00,p,15,-0.5322,-0.5192,0.005731,0.174253749
16356,2022-07-19 02:48:00-04:00,2022-07-19 06:40:00-04:00,p,15,-0.5323,-0.5187,0.00587,0.167472278
16357,2022-07-19 06:42:00-04:00,2022-07-19 09:07:00-04:00,p,15,-0.5303,-0.5164,0.007376,0.110160509
16658,2022-08-12 06:34:00-04:00,2022-08-12 08:00:00-04:00,p,15,0.3546,0.3557,0.000668,0.071259799
16659,2022-08-12 08:08:00-04:00,2022-08-12 09:44:00-04:00,p,15,0.383,0.3838,0.000683,0.079091517
16660,2022-08-12 09:55:00-04:00,2022-08-12 11:43:00-04:00,p,15,0.4015,0.4021,0.000806,0.059571108
16664,2022-08-12 18:58:00-04:00,2022-08-12 19:41:00-04:00,p,15,0.447,0.4473,0.001646,0.016573839
16665,2022-08-12 22:15:00-04:00,2022-08-13 02:17:00-04:00,p,15,0.4674,0.4672,0.000511,0.203759125
16666,2022-08-13 02:21:00-04:00,2022-08-13 04:10:00-04:00,p,15,0.4813,0.4803,0.000784,0.093157808
16671,2022-08-13 04:51:00-04:00,2022-08-13 08:50:00-04:00,p,15,0.4935,0.492,0.00058,0.172402724
16672,2022-08-13 08:55:00-04:00,2022-08-13 12:55:00-04:00,p,15,0.5063,0.504,0.000588,0.165159383
16673,2022-08-13 13:06:00-04:00,2022-08-13 13:34:00-04:00,p,15,0.5104,0.5077,0.001637,0.023106831
16674,2022-08-13 13:54:00-04:00,2022-08-13 15:03:00-04:00,p,15,0.5135,0.5107,0.001072,0.054380663
16675,2022-08-13 18:18:00-04:00,2022-08-13 21:50:00-04:00,p,15,0.5638,0.5555,0.000671,0.161060075
16676,2022-08-13 21:56:00-04:00,2022-08-14 01:34:00-04:00,p,15,0.575,0.5652,0.000757,0.18766109
16678,2022-08-14 01:42:00-04:00,2022-08-14 03:01:00-04:00,p,15,0.5755,0.5648,0.001241,0.068742492
16679,2022-08-14 03:08:00-04:00,2022-08-14 04:37:00-04:00,p,15,0.5749,0.5638,0.001172,0.073514312
16681,2022-08-14 05:04:00-04:00,2022-08-14 09:04:00-04:00,p,15,0.5744,0.5625,0.000735,0.20515157
16682,2022-08-14 09:08:00-04:00,2022-08-14 13:08:00-04:00,p,15,0.5733,0.5603,0.000735,0.190238352
16683,2022-08-14 13:17:00-04:00,2022-08-14 17:21:00-04:00,p,15,0.5712,0.5576,0.000733,0.190172951
16685,2022-08-14 18:21:00-04:00,2022-08-14 19:15:00-04:00,p,15,0.5757,0.5613,0.001619,0.036767851
16687,2022-08-14 21:32:00-04:00,2022-08-14 21:36:00-04:00,p,15,0.5708,0.5558,0.005386,0.003628747
16688,2022-08-14 21:40:00-04:00,2022-08-15 01:38:00-04:00,p,15,0.5711,0.5552,0.000713,0.204621352
16689,2022-08-15 01:41:00-04:00,2022-08-15 02:53:00-04:00,p,15,0.5698,0.5533,0.001282,0.064009208
16690,2022-08-15 02:59:00-04:00,2022-08-15 03:28:00-04:00,p,15,0.5702,0.5533,0.002004,0.025742745
16692,2022-08-15 03:37:00-04:00,2022-08-15 07:22:00-04:00,p,15,0.5696,0.5524,0.000792,0.154332611
16693,2022-08-15 07:45:00-04:00,2022-08-15 11:39:00-04:00,p,15,0.5687,0.5511,0.00073,0.190988317
16695,2022-08-15 12:48:00-04:00,2022-08-15 12:54:00-04:00,p,15,0.5697,0.5519,0.004129,0.00628938
16709,2022-08-17 20:28:00-04:00,2022-08-17 22:22:00-04:00,p,15,0.5815,0.5751,0.00098,0.059758705
16710,2022-08-17 22:28:00-04:00,2022-08-18 00:07:00-04:00,p,15,0.5779,0.571,0.001019,0.054367122
16711,2022-08-18 01:22:00-04:00,2022-08-18 05:21:00-04:00,p,15,0.5724,0.5648,0.000551,0.200836249
16712,2022-08-18 05:23:00-04:00,2022-08-18 09:55:00-04:00,p,15,0.5651,0.5565,0.000517,0.207043795
16713,2022-08-18 09:57:00-04:00,2022-08-18 14:08:00-04:00,p,15,0.5691,0.5589,0.000525,0.210732092
16715,2022-08-18 15:11:00-04:00,2022-08-18 17:54:00-04:00,p,15,0.5705,0.5593,0.000709,0.111372678
16716,2022-08-18 18:03:00-04:00,2022-08-18 20:13:00-04:00,p,15,0.5684,0.5568,0.000776,0.094168529
16717,2022-08-18 21:44:00-04:00,2022-08-19 00:55:00-04:00,p,15,0.5693,0.557,0.000621,0.148677776
16718,2022-08-19 01:10:00-04:00,2022-08-19 02:43:00-04:00,p,15,0.5686,0.5561,0.001138,0.044388758
16719,2022-08-19 02:48:00-04:00,2022-08-19 06:49:00-04:00,p,15,0.568,0.555,0.00056,0.178600312
16720,2022-08-19 06:53:00-04:00,2022-08-19 08:59:00-04:00,p,15,0.5656,0.5522,0.000741,0.105039025
16721,2022-08-19 09:16:00-04:00,2022-08-19 09:29:00-04:00,p,15,-0.2661,-0.2577,0.001069,0.011002907
16722,2022-08-19 09:36:00-04:00,2022-08-19 10:10:00-04:00,p,15,-0.3898,-0.3806,0.001027,0.024591573
16723,2022-08-19 11:23:00-04:00,2022-08-19 14:25:00-04:00,p,15,-0.4951,-0.485,0.00054,0.149800547
16726,2022-08-19 14:53:00-04:00,2022-08-19 19:00:00-04:00,p,15,-0.5045,-0.4936,0.000468,0.2120643
16727,2022-08-19 19:06:00-04:00,2022-08-19 22:38:00-04:00,p,15,-0.509,-0.4978,0.000526,0.166872787
16728,2022-08-19 22:45:00-04:00,2022-08-20 02:47:00-04:00,p,15,-0.5116,-0.4998,0.000485,0.185923657
16729,2022-08-20 02:53:00-04:00,2022-08-20 03:47:00-04:00,p,15,-0.5124,-0.5003,0.001001,0.045790647
16730,2022-08-20 03:43:00-04:00,2022-08-20 06:03:00-04:00,p,15,-0.5127,-0.5004,0.000644,0.115846686
16731,2022-08-20 06:13:00-04:00,2022-08-20 07:53:00-04:00,p,15,-0.513,-0.5005,0.00078,0.079618466
16732,2022-08-20 08:24:00-04:00,2022-08-20 10:41:00-04:00,p,15,-0.513,-0.5002,0.000667,0.10841732
16733,2022-08-20 11:12:00-04:00,2022-08-20 11:41:00-04:00,p,15,-0.5119,-0.4984,0.001396,0.023719765
16734,2022-08-20 11:55:00-04:00,2022-08-20 12:03:00-04:00,p,15,-0.5084,-0.4951,0.002664,0.005660584
16736,2022-08-20 14:34:00-04:00,2022-08-20 18:21:00-04:00,p,15,-0.5121,-0.4983,0.000626,0.169215497
16738,2022-08-20 18:27:00-04:00,2022-08-20 21:02:00-04:00,p,15,-0.5142,-0.5002,0.000629,0.113131682
16742,2022-08-20 23:30:00-04:00,2022-08-21 00:20:00-04:00,p,15,-0.458,-0.4501,0.000951,0.041795009
16743,2022-08-21 00:29:00-04:00,2022-08-21 04:18:00-04:00,p,15,-0.511,-0.5025,0.000517,0.168103253
16744,2022-08-21 04:27:00-04:00,2022-08-21 08:39:00-04:00,p,15,-0.5116,-0.5026,0.000479,0.208351695
16746,2022-08-21 08:45:00-04:00,2022-08-21 12:47:00-04:00,p,15,-0.5051,-0.4956,0.000486,0.195422133
16747,2022-08-21 12:53:00-04:00,2022-08-21 16:51:00-04:00,p,15,-0.5045,-0.4944,0.000479,0.198082751
16748,2022-08-21 16:52:00-04:00,2022-08-21 20:49:00-04:00,p,15,-0.5079,-0.4964,0.000489,0.182013154
16749,2022-08-21 20:54:00-04:00,2022-08-21 21:49:00-04:00,p,15,-0.5087,-0.4967,0.001278,0.027333645
16750,2022-08-21 22:18:00-04:00,2022-08-22 02:18:00-04:00,p,15,-0.5073,-0.4948,0.000484,0.198083229
16751,2022-08-22 02:23:00-04:00,2022-08-22 03:08:00-04:00,p,15,-0.5121,-0.499,0.001109,0.038542998
16752,2022-08-22 03:18:00-04:00,2022-08-22 04:47:00-04:00,p,15,-0.5118,-0.4986,0.000862,0.06434681
16753,2022-08-22 16:50:00-04:00,2022-08-22 17:54:00-04:00,p,15,-0.5241,-0.5147,0.000958,0.053328273
16754,2022-08-22 18:03:00-04:00,2022-08-22 22:05:00-04:00,p,15,-0.5186,-0.5092,0.000499,0.199913559
16755,2022-08-22 22:10:00-04:00,2022-08-23 02:23:00-04:00,p,15,-0.5065,-0.4967,0.000482,0.199279339
16756,2022-08-23 02:28:00-04:00,2022-08-23 03:23:00-04:00,p,15,-0.4999,-0.4899,0.001111,0.036650998
16757,2022-08-23 04:58:00-04:00,2022-08-23 09:09:00-04:00,p,15,-0.5022,-0.4919,0.000488,0.189317787
16758,2022-08-23 09:12:00-04:00,2022-08-23 12:37:00-04:00,p,15,-0.4999,-0.4892,0.000537,0.156036899
16759,2022-08-23 13:02:00-04:00,2022-08-23 17:07:00-04:00,p,15,-0.5022,-0.4898,0.000466,0.212521402
16761,2022-08-23 17:21:00-04:00,2022-08-23 21:20:00-04:00,p,15,-0.5072,-0.494,0.000529,0.161936944
16762,2022-08-23 21:22:00-04:00,2022-08-24 01:14:00-04:00,p,15,-0.5091,-0.4954,0.000487,0.188745054
16763,2022-08-24 01:19:00-04:00,2022-08-24 03:53:00-04:00,p,15,-0.5096,-0.4955,0.00065,0.10224531
16765,2022-08-24 05:39:00-04:00,2022-08-24 09:03:00-04:00,p,15,-0.5138,-0.4994,0.00055,0.155271983
16766,2022-08-24 09:08:00-04:00,2022-08-24 10:36:00-04:00,p,15,-0.5137,-0.499,0.000843,0.06533653
16767,2022-08-24 16:04:00-04:00,2022-08-24 20:04:00-04:00,p,15,0.5899,0.579,0.000576,0.184673581
16769,2022-08-25 00:15:00-04:00,2022-08-25 02:04:00-04:00,p,15,0.5829,0.5695,0.000813,0.091227454
16770,2022-08-25 02:38:00-04:00,2022-08-25 06:38:00-04:00,p,15,0.5792,0.565,0.000592,0.17016843
16771,2022-08-25 06:43:00-04:00,2022-08-25 11:01:00-04:00,p,15,0.5741,0.5588,0.000527,0.212196708
16772,2022-08-25 11:04:00-04:00,2022-08-25 14:20:00-04:00,p,15,0.5703,0.5539,0.00059,0.16804262
16982,2022-09-14 23:40:00-04:00,2022-09-15 01:53:00-04:00,p,20,0.7035,0.6973,0.000694,0.087195306
16983,2022-09-15 01:55:00-04:00,2022-09-15 05:56:00-04:00,p,20,0.7054,0.699,0.000528,0.20830682
16984,2022-09-15 06:03:00-04:00,2022-09-15 10:05:00-04:00,p,20,0.6986,0.6921,0.000519,0.207339917
16986,2022-09-15 10:12:00-04:00,2022-09-15 12:09:00-04:00,p,20,0.6929,0.6863,0.00075,0.110139185
16987,2022-09-15 12:16:00-04:00,2022-09-15 15:43:00-04:00,p,20,0.6868,0.68,0.000577,0.176486625
16988,2022-09-15 15:52:00-04:00,2022-09-15 17:03:00-04:00,p,20,0.6816,0.6748,0.001051,0.053095478
16989,2022-09-15 17:13:00-04:00,2022-09-15 20:51:00-04:00,p,20,0.6769,0.67,0.000511,0.228331891
16990,2022-09-15 20:56:00-04:00,2022-09-16 00:44:00-04:00,p,20,0.6649,0.6579,0.000497,0.230753858
16991,2022-09-16 00:58:00-04:00,2022-09-16 05:47:00-04:00,p,20,0.6614,0.6543,0.000487,0.236351275
16992,2022-09-16 05:50:00-04:00,2022-09-16 09:52:00-04:00,p,20,0.6553,0.648,0.00049,0.230924764
16993,2022-09-16 09:57:00-04:00,2022-09-16 12:51:00-04:00,p,20,0.6476,0.6403,0.000563,0.174348695
16995,2022-09-16 20:40:00-04:00,2022-09-16 21:25:00-04:00,p,20,0.7643,0.7522,0.000725,0.035452773
16996,2022-09-16 22:44:00-04:00,2022-09-17 00:48:00-04:00,p,20,-0.7287,-0.7146,0.000723,0.129893559
17000,2022-09-17 01:19:00-04:00,2022-09-17 02:54:00-04:00,p,20,-0.7079,-0.694,0.000799,0.101829689
17001,2022-09-17 03:01:00-04:00,2022-09-17 07:19:00-04:00,p,20,-0.686,-0.6722,0.000516,0.222940688
17002,2022-09-17 07:22:00-04:00,2022-09-17 11:22:00-04:00,p,20,-0.6735,-0.6596,0.000524,0.202079227
17003,2022-09-17 11:25:00-04:00,2022-09-17 12:02:00-04:00,p,20,-0.6902,-0.6755,0.001305,0.033979199
17008,2022-09-17 23:36:00-04:00,2022-09-18 00:26:00-04:00,p,20,-0.6791,-0.6645,0.001145,0.043353642
17010,2022-09-18 00:42:00-04:00,2022-09-18 04:39:00-04:00,p,20,-0.6726,-0.6578,0.000501,0.223480211
17011,2022-09-18 04:45:00-04:00,2022-09-18 05:06:00-04:00,p,20,-0.6641,-0.6493,0.001567,0.023644681
17014,2022-09-18 11:09:00-04:00,2022-09-18 14:05:00-04:00,p,20,-0.6566,-0.6419,0.000659,0.113790034
17015,2022-09-18 14:10:00-04:00,2022-09-18 16:40:00-04:00,p,20,-0.6492,-0.6343,0.000692,0.108212799
17016,2022-09-18 16:52:00-04:00,2022-09-18 20:57:00-04:00,p,20,-0.6437,-0.6288,0.000515,0.187394629
17019,2022-09-18 21:39:00-04:00,2022-09-19 02:14:00-04:00,p,20,-0.6501,-0.6348,0.000466,0.223922046
17020,2022-09-19 02:17:00-04:00,2022-09-19 06:11:00-04:00,p,20,-0.6489,-0.6332,0.000492,0.203728026
17021,2022-09-19 06:39:00-04:00,2022-09-19 08:31:00-04:00,p,20,-0.6471,-0.6313,0.001027,0.041183717
17022,2022-09-19 09:50:00-04:00,2022-09-19 10:37:00-04:00,p,20,-0.6503,-0.6344,0.001082,0.041549369
17025,2022-09-19 10:52:00-04:00,2022-09-19 14:13:00-04:00,p,20,-0.6463,-0.6305,0.000524,0.176425051
17026,2022-09-19 14:26:00-04:00,2022-09-19 22:05:00-04:00,p,20,-0.644,-0.6279,0.001342,0.024835719
17027,2022-09-20 02:01:00-04:00,2022-09-20 06:06:00-04:00,p,20,-0.6504,-0.6343,0.000645,0.119971876
17028,2022-09-20 06:23:00-04:00,2022-09-20 07:05:00-04:00,p,20,-0.6473,-0.6311,0.001377,0.025555941
17032,2022-09-20 07:45:00-04:00,2022-09-20 08:05:00-04:00,p,20,-0.6461,-0.63,0.001828,0.012606391
17067,2022-09-25 04:53:00-04:00,2022-09-25 06:24:00-04:00,p,20,0.7918,0.8198,0.002114,0.068183689
17069,2022-09-25 07:20:00-04:00,2022-09-25 09:22:00-04:00,p,20,0.7836,0.811,0.002165,0.058741183
17070,2022-09-25 10:50:00-04:00,2022-09-25 11:55:00-04:00,p,20,0.7819,0.809,0.003614,0.01863168
17071,2022-09-25 12:03:00-04:00,2022-09-25 14:22:00-04:00,p,20,0.7785,0.8048,0.002015,0.067695673
17073,2022-09-25 16:44:00-04:00,2022-09-25 19:58:00-04:00,p,20,0.7701,0.7953,0.001392,0.146598383
17074,2022-09-25 20:25:00-04:00,2022-09-25 21:10:00-04:00,p,20,0.7592,0.7833,0.002596,0.042649818
17075,2022-09-25 21:25:00-04:00,2022-09-25 22:14:00-04:00,p,20,0.7567,0.7804,0.003009,0.030387656
17076,2022-09-25 23:01:00-04:00,2022-09-26 03:02:00-04:00,p,20,0.7491,0.7719,0.001173,0.202815776
17077,2022-09-26 03:05:00-04:00,2022-09-26 04:11:00-04:00,p,20,0.7408,0.7627,0.003099,0.026888283
17078,2022-09-26 05:37:00-04:00,2022-09-26 06:33:00-04:00,p,20,0.7434,0.7648,0.006412,0.007261418
17079,2022-09-27 03:41:00-04:00,2022-09-27 04:04:00-04:00,p,20,0.7467,0.7688,0.003667,0.014750636
17084,2022-09-27 05:04:00-04:00,2022-09-27 06:55:00-04:00,p,20,0.7401,0.7615,0.0017,0.074163461
17085,2022-09-27 07:10:00-04:00,2022-09-27 09:26:00-04:00,p,20,0.7343,0.755,0.001525,0.084167208
17086,2022-09-27 09:32:00-04:00,2022-09-27 10:28:00-04:00,p,20,0.7313,0.7515,0.004287,0.012907779
17087,2022-09-27 11:31:00-04:00,2022-09-27 12:29:00-04:00,p,20,0.7324,0.7526,0.00341,0.02167282
17088,2022-09-27 12:38:00-04:00,2022-09-27 16:39:00-04:00,p,20,0.7277,0.7472,0.001152,0.147674373
17092,2022-09-28 03:16:00-04:00,2022-09-28 07:29:00-04:00,p,20,0.7244,0.7432,0.001072,0.173840993
17093,2022-09-28 07:34:00-04:00,2022-09-28 09:24:00-04:00,p,20,0.7193,0.7374,0.001687,0.06788546
17095,2022-09-28 10:44:00-04:00,2022-09-28 12:55:00-04:00,p,20,-0.6632,-0.6795,0.001376,0.086210976
17096,2022-09-28 13:03:00-04:00,2022-09-28 17:00:00-04:00,p,20,-0.6671,-0.683,0.001014,0.159370131
17097,2022-09-28 17:06:00-04:00,2022-09-28 20:02:00-04:00,p,20,-0.6666,-0.6819,0.001275,0.098647652
17098,2022-09-28 20:05:00-04:00,2022-09-28 22:17:00-04:00,p,20,-0.664,-0.6789,0.001325,0.08947231
17100,2022-09-29 00:18:00-04:00,2022-09-29 04:18:00-04:00,p,20,-0.6628,-0.6772,0.000971,0.173556124
17101,2022-09-29 04:20:00-04:00,2022-09-29 04:41:00-04:00,p,20,-0.6592,-0.6732,0.003189,0.01691488
17102,2022-09-29 04:56:00-04:00,2022-09-29 06:35:00-04:00,p,20,-0.6574,-0.6712,0.001517,0.074042549
17144,2022-10-09 06:52:00-04:00,2022-10-09 07:38:00-04:00,p,20,0.783,0.8279,0.002714,0.046156731
17145,2022-10-09 07:48:00-04:00,2022-10-09 11:48:00-04:00,p,20,0.7629,0.8054,0.001256,0.203626198
17146,2022-10-09 11:55:00-04:00,2022-10-09 15:33:00-04:00,p,20,0.7403,0.7798,0.001105,0.17490783
17147,2022-10-09 15:36:00-04:00,2022-10-09 17:08:00-04:00,p,20,0.7304,0.7682,0.001894,0.054822328
17149,2022-10-09 18:25:00-04:00,2022-10-09 19:33:00-04:00,p,20,0.7291,0.7666,0.002671,0.041589609
17150,2022-10-10 01:39:00-04:00,2022-10-10 05:52:00-04:00,p,20,0.721,0.7572,0.001097,0.23171401
17151,2022-10-10 05:55:00-04:00,2022-10-10 09:19:00-04:00,p,20,0.7089,0.7431,0.001244,0.168114632
17153,2022-10-10 12:11:00-04:00,2022-10-10 15:28:00-04:00,p,20,0.693,0.7256,0.001268,0.099709355
17155,2022-10-10 15:39:00-04:00,2022-10-10 19:39:00-04:00,p,20,0.6849,0.7159,0.001011,0.194704219
17156,2022-10-10 19:42:00-04:00,2022-10-10 23:46:00-04:00,p,20,0.6753,0.7046,0.001027,0.200677205
17157,2022-10-10 23:49:00-04:00,2022-10-11 02:40:00-04:00,p,20,0.6713,0.6995,0.001244,0.137968902
17158,2022-10-11 02:48:00-04:00,2022-10-11 05:31:00-04:00,p,20,0.6669,0.6941,0.001195,0.155063258
17159,2022-10-11 05:46:00-04:00,2022-10-11 05:50:00-04:00,p,20,0.6656,0.6924,0.007854,0.003171283
17160,2022-10-11 05:53:00-04:00,2022-10-11 06:10:00-04:00,p,20,0.6649,0.6914,0.003635,0.016145189
17161,2022-10-11 06:22:00-04:00,2022-10-11 08:55:00-04:00,p,20,0.6636,0.6898,0.001304,0.124684887
17162,2022-10-11 11:50:00-04:00,2022-10-11 13:36:00-04:00,p,20,-0.72,-0.755,0.001647,0.09961406
17163,2022-10-11 14:30:00-04:00,2022-10-11 15:02:00-04:00,p,20,-0.7329,-0.7681,0.004833,0.0117375
17164,2022-10-11 15:37:00-04:00,2022-10-11 19:34:00-04:00,p,20,-0.7158,-0.7495,0.001144,0.186586491
17165,2022-10-11 19:37:00-04:00,2022-10-11 22:06:00-04:00,p,20,-0.6888,-0.7203,0.001343,0.135812688
17166,2022-10-11 22:11:00-04:00,2022-10-11 23:15:00-04:00,p,20,-0.6744,-0.7047,0.001966,0.061390977
17167,2022-10-11 23:24:00-04:00,2022-10-12 03:24:00-04:00,p,20,-0.6593,-0.6882,0.001009,0.21892003
17168,2022-10-12 03:26:00-04:00,2022-10-12 07:27:00-04:00,p,20,-0.6402,-0.6673,0.000965,0.227452501
17169,2022-10-12 07:29:00-04:00,2022-10-12 11:00:00-04:00,p,20,-0.6298,-0.6557,0.00112,0.161071989
17185,2022-10-14 23:49:00-04:00,2022-10-15 00:22:00-04:00,p,20,0.6206,0.6707,0.001712,0.01513367
17187,2022-10-15 00:58:00-04:00,2022-10-15 01:18:00-04:00,p,20,0.6281,0.6792,0.003313,0.00648629
17188,2022-10-15 01:24:00-04:00,2022-10-15 02:15:00-04:00,p,20,0.6307,0.6813,0.002151,0.018953292
17189,2022-10-15 02:21:00-04:00,2022-10-15 03:53:00-04:00,p,20,0.6349,0.6857,0.001474,0.043169756
17190,2022-10-15 04:29:00-04:00,2022-10-15 04:47:00-04:00,p,20,0.6415,0.6927,0.002569,0.013364938
17191,2022-10-15 04:58:00-04:00,2022-10-15 08:54:00-04:00,p,20,0.6401,0.6904,0.000645,0.229008418
17192,2022-10-15 09:04:00-04:00,2022-10-15 10:55:00-04:00,p,20,0.6408,0.6904,0.000953,0.106166323
17195,2022-10-15 11:33:00-04:00,2022-10-15 15:28:00-04:00,p,20,0.64,0.6886,0.000645,0.229955778
17197,2022-10-15 15:41:00-04:00,2022-10-15 17:30:00-04:00,p,20,0.6398,0.6876,0.001096,0.076080794
17199,2022-10-15 17:41:00-04:00,2022-10-15 19:11:00-04:00,p,20,0.6386,0.6861,0.001125,0.074107692
17203,2022-10-16 03:44:00-04:00,2022-10-16 06:51:00-04:00,p,20,0.6456,0.6936,0.00086,0.119949528
17204,2022-10-16 06:56:00-04:00,2022-10-16 09:50:00-04:00,p,20,0.6434,0.6908,0.000971,0.095689428
17206,2022-10-16 14:09:00-04:00,2022-10-16 16:34:00-04:00,p,20,0.6436,0.6907,0.000832,0.139095795
17207,2022-10-16 18:35:00-04:00,2022-10-16 21:05:00-04:00,p,20,0.6421,0.6885,0.000865,0.124937631
17211,2022-10-16 21:40:00-04:00,2022-10-16 22:05:00-04:00,p,20,0.6381,0.6839,0.001914,0.026062901
17212,2022-10-16 22:10:00-04:00,2022-10-17 02:12:00-04:00,p,20,0.6372,0.6826,0.000656,0.215235213
17214,2022-10-17 02:24:00-04:00,2022-10-17 04:32:00-04:00,p,20,0.6348,0.6794,0.000918,0.112186211
17215,2022-10-17 17:53:00-04:00,2022-10-17 18:39:00-04:00,p,20,-0.727,-0.7825,0.002435,0.036052176
17216,2022-10-17 18:45:00-04:00,2022-10-17 19:17:00-04:00,p,20,-0.7112,-0.7654,0.002762,0.028251291
17221,2022-10-17 19:52:00-04:00,2022-10-17 21:54:00-04:00,p,20,-0.6488,-0.6977,0.001491,0.086768455
17222,2022-10-18 00:56:00-04:00,2022-10-18 03:54:00-04:00,p,20,-0.6728,-0.723,0.001249,0.127710376
17223,2022-10-18 21:40:00-04:00,2022-10-18 23:23:00-04:00,p,20,-0.7406,-0.7325,0.001677,0.036211213
17224,2022-10-19 02:00:00-04:00,2022-10-19 05:59:00-04:00,p,20,-0.7278,-0.7193,0.000978,0.199576501
17225,2022-10-19 06:02:00-04:00,2022-10-19 07:29:00-04:00,p,20,-0.7188,-0.7099,0.001789,0.05483597
17353,2022-11-03 10:14:00-04:00,2022-11-03 13:32:00-04:00,p,20,-0.6506,-0.6238,0.000646,0.200610806
17355,2022-11-03 13:41:00-04:00,2022-11-03 14:21:00-04:00,p,20,-0.6488,-0.6212,0.001544,0.033119879
17356,2022-11-03 19:01:00-04:00,2022-11-03 23:01:00-04:00,p,20,-0.6572,-0.6288,0.000597,0.246606189
17357,2022-11-03 23:04:00-04:00,2022-11-04 03:01:00-04:00,p,20,-0.6555,-0.6263,0.000606,0.234436631
17358,2022-11-04 03:03:00-04:00,2022-11-04 07:30:00-04:00,p,20,-0.655,-0.6248,0.000566,0.270993221
17359,2022-11-04 07:33:00-04:00,2022-11-04 11:21:00-04:00,p,20,-0.6549,-0.6237,0.000601,0.236425842
17360,2022-11-04 11:28:00-04:00,2022-11-04 13:23:00-04:00,p,20,-0.6369,-0.6058,0.000844,0.116182041
17361,2022-11-04 16:32:00-04:00,2022-11-04 20:30:00-04:00,p,20,-0.6408,-0.6092,0.000578,0.240476555
17362,2022-11-04 22:09:00-04:00,2022-11-05 00:47:00-04:00,p,20,-0.6535,-0.621,0.000721,0.166627471
17363,2022-11-05 01:05:00-04:00,2022-11-05 02:50:00-04:00,p,20,-0.644,-0.6115,0.000919,0.097918794
17364,2022-11-05 03:04:00-04:00,2022-11-05 04:30:00-04:00,p,20,-0.6466,-0.6139,0.000968,0.088747089
17366,2022-11-05 04:47:00-04:00,2022-11-05 04:53:00-04:00,p,20,-0.5992,-0.5672,0.003352,0.006423811
17368,2022-11-05 13:08:00-04:00,2022-11-05 15:42:00-04:00,p,20,-0.626,-0.4544,0.000752,0.115967822
17371,2022-11-06 09:40:00-05:00,2022-11-06 12:13:00-05:00,p,20,0.8036,0.7688,0.001017,0.118426471
17373,2022-11-06 13:16:00-05:00,2022-11-06 17:42:00-05:00,p,20,0.7896,0.7547,0.00072,0.229193714
17374,2022-11-06 17:45:00-05:00,2022-11-06 23:11:00-05:00,p,20,0.7741,0.7391,0.000714,0.220304271
17375,2022-11-07 01:58:00-05:00,2022-11-07 05:51:00-05:00,p,20,0.7643,0.7289,0.000708,0.230539425
17376,2022-11-07 05:54:00-05:00,2022-11-07 07:55:00-05:00,p,20,0.758,0.7221,0.001278,0.065721423
17379,2022-11-07 14:23:00-05:00,2022-11-07 19:53:00-05:00,p,20,0.7562,0.7202,0.000691,0.208355954
17381,2022-11-07 21:23:00-05:00,2022-11-08 01:22:00-05:00,p,20,0.7496,0.7133,0.000777,0.156438594
17382,2022-11-07 01:28:00-05:00,2022-11-07 05:07:00-05:00,p,20,0.7652,0.73,0.000772,0.192301862
17575,2023-02-15 01:07:00-05:00,2023-02-15 01:33:00-05:00,p,15,0.3264,0.3509,0.004827,0.021652043
17576,2023-02-15 01:39:00-05:00,2023-02-15 05:39:00-05:00,p,15,0.3418,0.3673,0.001896,0.146449167
17577,2023-02-15 05:50:00-05:00,2023-02-15 09:50:00-05:00,p,15,0.36,0.3857,0.001755,0.198178559
17581,2023-02-15 10:26:00-05:00,2023-02-15 11:52:00-05:00,p,15,0.3612,0.3865,0.003005,0.064944265
17583,2023-02-15 12:26:00-05:00,2023-02-15 12:39:00-05:00,p,15,0.3622,0.3872,0.008228,0.009018156
17584,2023-02-15 12:47:00-05:00,2023-02-15 16:57:00-05:00,p,15,0.3614,0.386,0.001711,0.205288219
17585,2023-02-15 17:01:00-05:00,2023-02-15 21:02:00-05:00,p,15,0.3613,0.3851,0.001751,0.18443978
17586,2023-02-15 21:05:00-05:00,2023-02-16 01:05:00-05:00,p,15,0.3612,0.3842,0.001712,0.185633554
17587,2023-02-16 01:09:00-05:00,2023-02-16 05:05:00-05:00,p,15,0.3624,0.3851,0.002018,0.128737001
17588,2023-02-16 05:14:00-05:00,2023-02-16 07:17:00-05:00,p,15,0.3595,0.3813,0.00302,0.060700156
17589,2023-02-16 08:55:00-05:00,2023-02-16 12:53:00-05:00,p,15,0.3637,0.381,0.001818,0.175418477
17593,2023-02-16 17:15:00-05:00,2023-02-16 21:16:00-05:00,p,15,0.3646,0.3815,0.002061,0.126005686
17594,2023-02-16 21:20:00-05:00,2023-02-17 01:23:00-05:00,p,15,0.3627,0.3788,0.001711,0.174131739
17595,2023-02-17 01:26:00-05:00,2023-02-17 05:25:00-05:00,p,15,0.3612,0.3769,0.00183,0.151780453
17596,2023-02-17 05:27:00-05:00,2023-02-17 08:29:00-05:00,p,15,0.3596,0.3751,0.0022,0.115268358
17597,2023-02-17 08:37:00-05:00,2023-02-17 09:32:00-05:00,p,15,0.3602,0.3758,0.003714,0.039901865
17598,2023-02-17 15:15:00-05:00,2023-02-17 18:43:00-05:00,p,15,-0.2642,-0.2843,0.001506,0.143169982
17599,2023-02-17 20:34:00-05:00,2023-02-17 21:42:00-05:00,p,15,-0.5811,-0.3266,0.002818,0.053809949
17600,2023-02-17 21:46:00-05:00,2023-02-18 01:45:00-05:00,p,15,-0.5806,-0.3261,0.001649,0.162433843
17601,2023-02-18 01:47:00-05:00,2023-02-18 05:45:00-05:00,p,15,-0.5778,-0.3245,0.001744,0.138960796
17602,2023-02-18 05:48:00-05:00,2023-02-18 07:11:00-05:00,p,15,-0.5782,-0.3246,0.004588,0.020180329
17603,2023-02-18 09:22:00-05:00,2023-02-18 13:27:00-05:00,p,15,-0.5948,-0.3338,0.001897,0.126296747
17604,2023-02-18 13:29:00-05:00,2023-02-18 17:29:00-05:00,p,15,-0.5873,-0.3292,0.001584,0.183369321
17605,2023-02-18 17:33:00-05:00,2023-02-18 21:38:00-05:00,p,15,-0.5825,-0.3262,0.001542,0.189161717
17606,2023-02-18 21:44:00-05:00,2023-02-19 01:56:00-05:00,p,15,-0.5793,-0.324,0.001454,0.194237122
17607,2023-02-19 02:00:00-05:00,2023-02-19 05:50:00-05:00,p,15,-0.5754,-0.3215,0.00155,0.176543358
17608,2023-02-19 06:27:00-05:00,2023-02-19 11:07:00-05:00,p,15,-0.575,-0.3207,0.00142,0.206834619
17609,2023-02-19 11:12:00-05:00,2023-02-19 11:32:00-05:00,p,15,-0.582,-0.3233,0.009671,0.003223735
17610,2023-02-19 12:06:00-05:00,2023-02-19 16:18:00-05:00,p,15,-0.5809,-0.3226,0.001458,0.19016015
17611,2023-02-19 16:34:00-05:00,2023-02-19 18:54:00-05:00,p,15,-0.5825,-0.3234,0.002111,0.089311255
17617,2023-02-19 06:47:00-05:00,2023-02-19 08:54:00-05:00,p,15,-0.5729,-0.3199,0.002005,0.107024785
17720,2023-03-07 04:09:00-05:00,2023-03-07 07:12:00-05:00,p,15,0.4188,0.4302,0.001942,0.112031379
17721,2023-03-07 07:29:00-05:00,2023-03-07 09:55:00-05:00,p,15,0.4353,0.4456,0.002455,0.072076662
17724,2023-03-07 17:32:00-05:00,2023-03-07 19:18:00-05:00,p,15,0.4659,0.4742,0.004814,0.021209975
17725,2023-03-07 19:49:00-05:00,2023-03-07 23:23:00-05:00,p,15,0.4683,0.4758,0.001964,0.128073732
17726,2023-03-07 23:31:00-05:00,2023-03-08 00:24:00-05:00,p,15,0.4689,0.4758,0.003952,0.033205901
17727,2023-03-08 01:27:00-05:00,2023-03-08 05:10:00-05:00,p,15,0.4715,0.4775,0.001787,0.162860144
17728,2023-03-08 05:13:00-05:00,2023-03-08 06:43:00-05:00,p,15,0.4722,0.4774,0.00304,0.050910591
17729,2023-03-08 06:48:00-05:00,2023-03-08 07:32:00-05:00,p,15,0.4727,0.478,0.003921,0.03358881
17732,2023-03-08 11:01:00-05:00,2023-03-08 15:01:00-05:00,p,15,0.4774,0.4819,0.002082,0.121437385
17733,2023-03-08 15:03:00-05:00,2023-03-08 15:59:00-05:00,p,15,0.4752,0.4789,0.004163,0.029609531
17734,2023-03-08 16:04:00-05:00,2023-03-08 20:00:00-05:00,p,15,0.4766,0.4796,0.001779,0.168409901
17735,2023-03-08 20:10:00-05:00,2023-03-08 21:39:00-05:00,p,15,0.4767,0.4792,0.003385,0.045244362
17737,2023-03-08 23:28:00-05:00,2023-03-09 03:28:00-05:00,p,15,0.4782,0.48,0.001727,0.178819697
17738,2023-03-09 03:30:00-05:00,2023-03-09 07:27:00-05:00,p,15,0.4768,0.4774,0.001779,0.171498541
17740,2023-03-09 07:53:00-05:00,2023-03-09 11:55:00-05:00,p,15,0.4763,0.4761,0.001912,0.150829775
17741,2023-03-09 12:04:00-05:00,2023-03-09 14:54:00-05:00,p,15,0.4753,0.4744,0.002055,0.130014375
17748,2023-03-10 14:47:00-05:00,2023-03-10 15:14:00-05:00,p,15,-0.5952,-0.7082,0.044038,0.004071507
17750,2023-03-10 22:17:00-05:00,2023-03-11 00:41:00-05:00,p,15,-0.6481,-0.77,0.010295,0.086421026
17751,2023-03-11 01:12:00-05:00,2023-03-11 05:11:00-05:00,p,15,-0.6286,-0.7448,0.00752,0.157212363
17752,2023-03-11 05:22:00-05:00,2023-03-11 07:55:00-05:00,p,15,-0.6193,-0.7332,0.009308,0.099416914
17753,2023-03-11 08:10:00-05:00,2023-03-11 11:39:00-05:00,p,15,-0.6165,-0.7286,0.007603,0.143998699
17754,2023-03-11 13:12:00-05:00,2023-03-11 15:44:00-05:00,p,15,-0.6182,-0.7302,0.009082,0.106439796
17755,2023-03-11 16:05:00-05:00,2023-03-11 18:32:00-05:00,p,15,-0.617,-0.7283,0.008918,0.111277955
17756,2023-03-11 18:38:00-05:00,2023-03-11 22:38:00-05:00,p,15,-0.6152,-0.7253,0.007415,0.166786026
17757,2023-03-11 22:41:00-05:00,2023-03-12 01:04:00-05:00,p,15,-0.6148,-0.7238,0.009747,0.096145713
17758,2023-03-12 01:11:00-05:00,2023-03-12 05:52:00-04:00,p,15,-0.6148,-0.7238,0.009747,0.096145713
17759,2023-03-12 05:59:00-04:00,2023-03-12 09:36:00-04:00,p,15,-0.6098,-0.7167,0.00686,0.181846559
17760,2023-03-12 09:51:00-04:00,2023-03-12 12:47:00-04:00,p,15,-0.606,-0.7108,0.007588,0.144301428
17762,2023-03-12 13:14:00-04:00,2023-03-12 15:18:00-04:00,p,15,-0.6048,-0.7094,0.00927,0.09310585
17769,2023-03-13 18:27:00-04:00,2023-03-13 22:09:00-04:00,p,15,0.6459,0.7754,0.006777,0.156590691
17770,2023-03-13 22:38:00-04:00,2023-03-14 02:22:00-04:00,p,15,0.627,0.7518,0.008227,0.193898652
17771,2023-03-14 02:27:00-04:00,2023-03-14 05:36:00-04:00,p,15,0.6149,0.7366,0.009448,0.146780261
17772,2023-03-14 05:59:00-04:00,2023-03-14 09:57:00-04:00,p,15,0.6295,0.7525,0.008208,0.182945769
17774,2023-03-14 15:40:00-04:00,2023-03-14 16:54:00-04:00,p,15,-0.5878,-0.6987,0.023452,0.01703789
17775,2023-03-14 17:08:00-04:00,2023-03-14 21:07:00-04:00,p,15,-0.5898,-0.7004,0.00746,0.187685519
17776,2023-03-14 21:11:00-04:00,2023-03-15 01:02:00-04:00,p,15,-0.5822,-0.6903,0.007322,0.192773122
17777,2023-03-15 01:05:00-04:00,2023-03-15 04:50:00-04:00,p,15,-0.584,-0.6916,0.007456,0.192724824
17778,2023-03-15 04:52:00-04:00,2023-03-15 08:11:00-04:00,p,15,-0.5843,-0.6918,0.00824,0.155247946
16270,2022-07-08 07:48:00-04:00,2022-07-08 10:41:00-04:00,d,20,0.0726,0.2461,0.000206,0.058990426
16273,2022-07-09 00:06:00-04:00,2022-07-09 02:25:00-04:00,d,20,0.0683,0.2351,0.000198,0.057382536
16277,2022-07-09 06:49:00-04:00,2022-07-09 09:49:00-04:00,d,20,0.0865,0.163,0.000218,0.077939937
16279,2022-07-09 22:45:00-04:00,2022-07-10 01:29:00-04:00,d,20,0.0641,0.1646,0.000241,0.068500629
16281,2022-07-10 09:37:00-04:00,2022-07-10 13:41:00-04:00,d,20,0.064,0.1627,0.000207,0.086453497
16283,2022-07-10 13:59:00-04:00,2022-07-10 15:55:00-04:00,d,20,0.0658,0.1684,0.000407,0.024312434
16284,2022-07-10 16:18:00-04:00,2022-07-10 19:26:00-04:00,d,20,0.0456,0.1407,0.00012,0.065092918
16285,2022-07-10 20:20:00-04:00,2022-07-11 00:20:00-04:00,d,20,0.0661,0.199,0.0002,0.10934291
16286,2022-07-11 00:24:00-04:00,2022-07-11 04:22:00-04:00,d,20,0.0704,0.21,0.000218,0.102817105
16287,2022-07-11 04:27:00-04:00,2022-07-11 08:29:00-04:00,d,20,0.0756,0.2293,0.000239,0.097629802
16288,2022-07-11 08:31:00-04:00,2022-07-11 11:01:00-04:00,d,20,0.077,0.2358,0.000316,0.062817091
16289,2022-07-11 11:08:00-04:00,2022-07-11 12:27:00-04:00,d,20,0.0802,0.2474,0.000459,0.035980218
16360,2022-07-19 17:16:00-04:00,2022-07-19 17:29:00-04:00,d,20,0.0427,0.0671,0.000829,0.001855248
16361,2022-07-19 17:33:00-04:00,2022-07-19 17:49:00-04:00,d,20,0.0425,0.0699,0.000878,0.001858629
16362,2022-07-19 17:53:00-04:00,2022-07-19 19:01:00-04:00,d,20,0.0433,0.0709,0.000259,0.032734644
16401,2022-07-21 21:01:00-04:00,2022-07-21 21:46:00-04:00,d,20,0.1682,0.1202,0.000227,0.023804604
16403,2022-07-21 22:57:00-04:00,2022-07-22 03:02:00-04:00,d,20,0.2221,0.1644,0.000137,0.124034665
16404,2022-07-22 03:06:00-04:00,2022-07-22 06:56:00-04:00,d,20,0.2533,0.1848,0.000159,0.113669839
16405,2022-07-22 06:58:00-04:00,2022-07-22 10:01:00-04:00,d,20,0.2687,0.202,0.000223,0.065351616
16406,2022-07-22 11:03:00-04:00,2022-07-22 13:05:00-04:00,d,20,0.2723,0.2106,0.000264,0.049524455
16407,2022-07-22 13:23:00-04:00,2022-07-22 14:46:00-04:00,d,20,0.2914,0.2279,0.000349,0.035073977
16408,2022-07-22 14:56:00-04:00,2022-07-22 17:02:00-04:00,d,20,0.3146,0.2394,0.000314,0.048560095
16409,2022-07-22 17:11:00-04:00,2022-07-22 21:11:00-04:00,d,20,0.3294,0.2509,0.000211,0.118151242
16410,2022-07-22 21:44:00-04:00,2022-07-22 23:11:00-04:00,d,20,0.3404,0.2617,0.00043,0.031102873
16411,2022-07-22 23:24:00-04:00,2022-07-23 00:24:00-04:00,d,20,0.3468,0.2666,0.000446,0.030496399
16412,2022-07-23 00:26:00-04:00,2022-07-23 01:00:00-04:00,d,20,0.3476,0.2632,0.000598,0.014403922
16414,2022-07-23 01:40:00-04:00,2022-07-23 03:35:00-04:00,d,20,0.3548,0.2691,0.000331,0.05765704
16415,2022-07-23 03:48:00-04:00,2022-07-23 05:11:00-04:00,d,20,0.3606,0.2766,0.000451,0.030597907
16416,2022-07-23 05:21:00-04:00,2022-07-23 09:22:00-04:00,d,20,0.3669,0.2822,0.000246,0.11290326
16419,2022-07-23 09:59:00-04:00,2022-07-23 13:20:00-04:00,d,20,0.3708,0.2819,0.000257,0.091174301
16420,2022-07-23 13:30:00-04:00,2022-07-23 13:47:00-04:00,d,20,0.3744,0.2899,0.00128,0.003824847
16421,2022-07-23 16:20:00-04:00,2022-07-23 18:16:00-04:00,d,20,0.3819,0.2943,0.000367,0.049160102
16422,2022-07-23 18:42:00-04:00,2022-07-23 22:42:00-04:00,d,20,0.3841,0.2952,0.000254,0.106899398
16423,2022-07-23 22:45:00-04:00,2022-07-24 02:44:00-04:00,d,20,0.3924,0.2996,0.000251,0.113073252
16424,2022-07-24 02:47:00-04:00,2022-07-24 04:36:00-04:00,d,20,0.3979,0.3044,0.00039,0.046523003
16425,2022-07-24 05:00:00-04:00,2022-07-24 06:14:00-04:00,d,20,0.401,0.31,0.000472,0.034105207
16426,2022-07-24 06:28:00-04:00,2022-07-24 10:30:00-04:00,d,20,0.3999,0.3065,0.000264,0.108197802
16432,2022-07-24 11:16:00-04:00,2022-07-24 14:39:00-04:00,d,20,0.4051,0.3172,0.000299,0.082925077
16433,2022-07-24 19:13:00-04:00,2022-07-24 21:21:00-04:00,d,20,-0.0826,-0.1127,0.000174,0.034091243
16434,2022-07-25 01:01:00-04:00,2022-07-25 05:06:00-04:00,d,20,-0.1579,-0.1779,0.000149,0.11190181
16435,2022-07-25 05:18:00-04:00,2022-07-25 09:24:00-04:00,d,20,-0.1838,-0.2023,0.000171,0.112651529
16436,2022-07-25 09:48:00-04:00,2022-07-25 13:27:00-04:00,d,20,-0.201,-0.2252,0.00022,0.093508071
16438,2022-07-25 13:54:00-04:00,2022-07-25 17:54:00-04:00,d,20,-0.2106,-0.2238,0.000202,0.092437299
16440,2022-07-25 20:07:00-04:00,2022-07-25 23:53:00-04:00,d,20,-0.221,-0.2311,0.000205,0.102855053
16441,2022-07-25 23:59:00-04:00,2022-07-26 01:45:00-04:00,d,20,-0.226,-0.2389,0.000299,0.052636875
16442,2022-07-26 02:13:00-04:00,2022-07-26 02:32:00-04:00,d,20,-0.2254,-0.2351,0.000677,0.009446718
16443,2022-07-26 02:38:00-04:00,2022-07-26 06:31:00-04:00,d,20,-0.2258,-0.2363,0.000204,0.1055807
16444,2022-07-26 06:37:00-04:00,2022-07-26 07:12:00-04:00,d,20,-0.2312,-0.2409,0.000552,0.015334563
16445,2022-07-26 07:16:00-04:00,2022-07-26 07:52:00-04:00,d,20,-0.234,-0.2411,0.000542,0.015357799
16447,2022-07-26 09:31:00-04:00,2022-07-26 12:29:00-04:00,d,20,-0.2405,-0.2503,0.000301,0.051848113
16448,2022-07-26 12:56:00-04:00,2022-07-26 15:31:00-04:00,d,20,-0.2458,-0.2546,0.000327,0.043242025
16449,2022-07-26 17:23:00-04:00,2022-07-26 17:41:00-04:00,d,20,-0.2666,-0.2802,0.000946,0.007233723
16455,2022-07-27 16:25:00-04:00,2022-07-27 20:27:00-04:00,d,20,-0.3297,-0.3553,0.000302,0.122096088
16456,2022-07-27 20:30:00-04:00,2022-07-27 20:55:00-04:00,d,20,-0.3379,-0.3644,0.000913,0.014270397
16457,2022-07-27 21:05:00-04:00,2022-07-27 21:16:00-04:00,d,20,-0.3397,-0.366,0.001392,0.005507613
16458,2022-07-27 21:44:00-04:00,2022-07-27 22:26:00-04:00,d,20,-0.3395,-0.3645,0.001024,0.010295032
16460,2022-07-27 22:35:00-04:00,2022-07-28 02:33:00-04:00,d,20,-0.3452,-0.3707,0.000314,0.110876359
16461,2022-07-28 02:36:00-04:00,2022-07-28 06:34:00-04:00,d,20,-0.3536,-0.3835,0.000328,0.111124387
16463,2022-07-28 06:43:00-04:00,2022-07-28 07:58:00-04:00,d,20,-0.3632,-0.3937,0.000615,0.034564175
16465,2022-07-28 20:24:00-04:00,2022-07-28 22:19:00-04:00,d,20,-0.2378,-0.0552,0.000452,0.040192265
16466,2022-07-28 22:32:00-04:00,2022-07-28 22:40:00-04:00,d,20,-0.2684,-0.0629,0.00163,0.004700571
16467,2022-07-28 22:45:00-04:00,2022-07-29 02:52:00-04:00,d,20,-0.3001,-0.0697,0.000335,0.12102156
16468,2022-07-29 02:57:00-04:00,2022-07-29 06:27:00-04:00,d,20,-0.3318,-0.078,0.000417,0.096905136
16469,2022-07-29 06:48:00-04:00,2022-07-29 10:10:00-04:00,d,20,-0.3499,-0.0828,0.000468,0.082685983
16470,2022-07-29 10:31:00-04:00,2022-07-29 14:01:00-04:00,d,20,-0.3575,-0.0843,0.000586,0.053408536
16471,2022-07-29 15:03:00-04:00,2022-07-29 18:59:00-04:00,d,20,-0.3694,-0.0867,0.000423,0.117466836
16472,2022-07-29 19:01:00-04:00,2022-07-29 21:35:00-04:00,d,20,-0.3749,-0.0892,0.000534,0.076765771
16473,2022-07-29 21:45:00-04:00,2022-07-30 01:45:00-04:00,d,20,-0.4005,-0.0947,0.000452,0.127292762
16474,2022-07-30 01:48:00-04:00,2022-07-30 04:42:00-04:00,d,20,-0.4109,-0.0975,0.000549,0.092732761
16475,2022-07-30 05:02:00-04:00,2022-07-30 09:06:00-04:00,d,20,-0.4188,-0.1,0.000487,0.119021558
16476,2022-07-30 09:15:00-04:00,2022-07-30 12:37:00-04:00,d,20,-0.4207,-0.1003,0.000544,0.094491269
16477,2022-07-30 14:42:00-04:00,2022-07-30 18:37:00-04:00,d,20,-0.4347,-0.1009,0.000529,0.094684585
16478,2022-07-30 19:31:00-04:00,2022-07-30 20:51:00-04:00,d,20,-0.4362,-0.0998,0.000965,0.025100838
16480,2022-07-30 21:49:00-04:00,2022-07-30 22:05:00-04:00,d,20,-0.4409,-0.1023,0.002578,0.003520784
16482,2022-07-30 22:46:00-04:00,2022-07-31 02:47:00-04:00,d,20,-0.4331,-0.0992,0.000519,0.101645734
16483,2022-07-31 02:49:00-04:00,2022-07-31 06:48:00-04:00,d,20,-0.4196,-0.0967,0.000515,0.094769776
16484,2022-07-31 06:50:00-04:00,2022-07-31 10:59:00-04:00,d,20,-0.409,-0.0948,0.00047,0.108706434
16489,2022-07-31 12:07:00-04:00,2022-07-31 16:11:00-04:00,d,20,-0.4217,-0.0985,0.000496,0.108090203
16490,2022-07-31 16:13:00-04:00,2022-07-31 20:13:00-04:00,d,20,-0.4312,-0.1008,0.000499,0.114913585
16491,2022-07-31 20:15:00-04:00,2022-07-31 23:14:00-04:00,d,20,-0.41,-0.0968,0.00062,0.066144505
16493,2022-08-01 00:31:00-04:00,2022-08-01 04:29:00-04:00,d,20,-0.3773,-0.0891,0.000448,0.111184405
16494,2022-08-01 04:31:00-04:00,2022-08-01 04:55:00-04:00,d,20,-0.366,-0.0877,0.001617,0.00849069
16495,2022-08-01 05:14:00-04:00,2022-08-01 09:05:00-04:00,d,20,-0.361,-0.0863,0.000446,0.100031688
16498,2022-08-01 14:40:00-04:00,2022-08-01 16:08:00-04:00,d,20,0.3895,0.22,0.000476,0.028914588
16500,2022-08-02 02:17:00-04:00,2022-08-02 06:15:00-04:00,d,20,0.511,0.2956,0.000366,0.105788852
16501,2022-08-02 06:18:00-04:00,2022-08-02 08:42:00-04:00,d,20,0.5201,0.302,0.000564,0.046452024
16502,2022-08-02 09:55:00-04:00,2022-08-02 14:01:00-04:00,d,20,0.5539,0.3268,0.000411,0.101730695
16503,2022-08-02 14:10:00-04:00,2022-08-02 18:09:00-04:00,d,20,0.5622,0.3297,0.000403,0.10217689
16504,2022-08-02 18:11:00-04:00,2022-08-02 21:18:00-04:00,d,20,0.5649,0.3288,0.000506,0.0618492
16505,2022-08-02 21:23:00-04:00,2022-08-02 21:29:00-04:00,d,20,0.5962,0.3485,0.002902,0.001988424
16506,2022-08-02 21:46:00-04:00,2022-08-02 23:08:00-04:00,d,20,0.5968,0.353,0.000746,0.032461269
16507,2022-08-03 08:17:00-04:00,2022-08-03 12:10:00-04:00,d,20,0.6072,0.354,0.000442,0.09931756
16508,2022-08-03 12:30:00-04:00,2022-08-03 14:48:00-04:00,d,20,0.6129,0.3607,0.000672,0.043002011
16509,2022-08-03 15:04:00-04:00,2022-08-03 16:24:00-04:00,d,20,0.6162,0.366,0.000846,0.029138059
16510,2022-08-03 16:31:00-04:00,2022-08-03 20:30:00-04:00,d,20,0.6064,0.3606,0.000449,0.102105064
16511,2022-08-03 20:44:00-04:00,2022-08-04 00:47:00-04:00,d,20,0.6055,0.359,0.00042,0.109870959
16512,2022-08-04 00:50:00-04:00,2022-08-04 04:50:00-04:00,d,20,0.6047,0.3582,0.000425,0.104640429
16513,2022-08-04 04:52:00-04:00,2022-08-04 08:52:00-04:00,d,20,0.606,0.3578,0.000431,0.103715464
16514,2022-08-04 08:55:00-04:00,2022-08-04 12:52:00-04:00,d,20,0.617,0.3645,0.000444,0.103474288
16515,2022-08-04 13:05:00-04:00,2022-08-04 17:07:00-04:00,d,20,0.6182,0.3658,0.000433,0.106259911
16517,2022-08-04 20:00:00-04:00,2022-08-04 21:14:00-04:00,d,20,0.627,0.3717,0.001482,0.009507018
16518,2022-08-04 22:27:00-04:00,2022-08-05 02:31:00-04:00,d,20,0.6216,0.3653,0.000427,0.11800739
16519,2022-08-05 02:35:00-04:00,2022-08-05 05:16:00-04:00,d,20,0.6284,0.3713,0.000554,0.066881935
16520,2022-08-05 05:43:00-04:00,2022-08-05 07:17:00-04:00,d,20,0.6286,0.373,0.000715,0.043828173
16580,2022-08-06 01:45:00-04:00,2022-08-06 02:45:00-04:00,d,20,0.6447,0.3923,0.000922,0.030926522
16581,2022-08-06 02:48:00-04:00,2022-08-06 06:49:00-04:00,d,20,0.6451,0.3876,0.000473,0.110091658
16583,2022-08-06 07:03:00-04:00,2022-08-06 09:43:00-04:00,d,20,0.647,0.387,0.000591,0.063201395
16586,2022-08-06 13:04:00-04:00,2022-08-06 14:27:00-04:00,d,20,0.6525,0.3947,0.00081,0.037289211
16587,2022-08-06 14:34:00-04:00,2022-08-06 16:15:00-04:00,d,20,0.6247,0.3758,0.000693,0.046675649
16588,2022-08-06 16:17:00-04:00,2022-08-06 20:21:00-04:00,d,20,0.6072,0.3658,0.000441,0.11502237
16594,2022-08-06 21:02:00-04:00,2022-08-06 22:05:00-04:00,d,20,0.5684,0.3433,0.000778,0.035348698
16597,2022-08-07 00:03:00-04:00,2022-08-07 04:41:00-04:00,d,20,0.5262,0.3092,0.00036,0.116228172
16598,2022-08-07 04:03:00-04:00,2022-08-07 04:10:00-04:00,d,20,0.5566,0.3313,0.002317,0.003059088
16599,2022-08-07 04:13:00-04:00,2022-08-07 08:13:00-04:00,d,20,0.5717,0.3407,0.000406,0.116349182
16600,2022-08-07 08:16:00-04:00,2022-08-07 12:15:00-04:00,d,20,0.5891,0.3509,0.000422,0.111860104
16601,2022-08-07 12:53:00-04:00,2022-08-07 16:54:00-04:00,d,20,0.5827,0.3435,0.000422,0.106485636
16602,2022-08-07 16:59:00-04:00,2022-08-07 18:14:00-04:00,d,20,0.5441,0.3211,0.000669,0.03958375
16604,2022-08-07 18:40:00-04:00,2022-08-07 22:41:00-04:00,d,20,0.5288,0.3085,0.000362,0.121013005
16609,2022-08-07 23:56:00-04:00,2022-08-08 03:18:00-04:00,d,20,0.53,0.3084,0.000393,0.102657166
16610,2022-08-08 03:30:00-04:00,2022-08-08 07:31:00-04:00,d,20,0.533,0.3096,0.000374,0.112816536
16611,2022-08-08 07:33:00-04:00,2022-08-08 09:22:00-04:00,d,20,0.531,0.3088,0.000642,0.039787569
16615,2022-08-08 13:47:00-04:00,2022-08-08 16:25:00-04:00,d,20,-0.2614,-0.0547,0.000369,0.086118018
16616,2022-08-08 16:39:00-04:00,2022-08-08 20:40:00-04:00,d,20,-0.3239,-0.067,0.00037,0.122899394
16617,2022-08-08 20:44:00-04:00,2022-08-09 00:43:00-04:00,d,20,-0.353,-0.0733,0.000408,0.115993414
16618,2022-08-09 00:46:00-04:00,2022-08-09 02:15:00-04:00,d,20,-0.3758,-0.0783,0.000848,0.030668632
16619,2022-08-09 03:20:00-04:00,2022-08-09 03:59:00-04:00,d,20,-0.3926,-0.0822,0.002233,0.004760344
16620,2022-08-09 04:09:00-04:00,2022-08-09 08:09:00-04:00,d,20,-0.3985,-0.0831,0.000474,0.11225737
16625,2022-08-09 14:58:00-04:00,2022-08-09 16:31:00-04:00,d,20,-0.4096,-0.085,0.000776,0.047533984
16626,2022-08-09 17:14:00-04:00,2022-08-09 21:15:00-04:00,d,20,-0.4202,-0.0881,0.000497,0.119665557
16627,2022-08-09 21:18:00-04:00,2022-08-10 01:30:00-04:00,d,20,-0.4277,-0.0901,0.00048,0.138187603
16628,2022-08-10 01:33:00-04:00,2022-08-10 05:08:00-04:00,d,20,-0.4326,-0.0913,0.000536,0.112805353
16629,2022-08-10 05:20:00-04:00,2022-08-10 09:20:00-04:00,d,20,-0.4354,-0.0921,0.000509,0.123690676
16630,2022-08-10 09:23:00-04:00,2022-08-10 13:22:00-04:00,d,20,-0.4414,-0.0941,0.00051,0.128262797
16631,2022-08-10 13:32:00-04:00,2022-08-10 16:05:00-04:00,d,20,-0.4511,-0.0954,0.000687,0.071441242
16632,2022-08-10 16:40:00-04:00,2022-08-10 19:07:00-04:00,d,20,-0.44,-0.0929,0.000659,0.076516841
16633,2022-08-10 19:23:00-04:00,2022-08-10 23:24:00-04:00,d,20,-0.4312,-0.0915,0.000501,0.125176552
16634,2022-08-10 23:28:00-04:00,2022-08-11 03:28:00-04:00,d,20,-0.4291,-0.0909,0.000499,0.121484261
16636,2022-08-11 03:43:00-04:00,2022-08-11 06:12:00-04:00,d,20,-0.4283,-0.0905,0.000641,0.070194633
16882,2022-09-06 22:23:00-04:00,2022-09-06 23:20:00-04:00,d,20,0.3509,0.3807,0.000105,0.078541227
16884,2022-09-06 23:50:00-04:00,2022-09-07 00:13:00-04:00,d,20,0.3487,0.3784,0.000164,0.031572762
16887,2022-09-07 00:40:00-04:00,2022-09-07 01:38:00-04:00,d,20,0.3471,0.3766,0.000102,0.079717301
16888,2022-09-07 01:43:00-04:00,2022-09-07 03:00:00-04:00,d,20,0.3451,0.3745,8.80E-05,0.102634027
16889,2022-09-07 03:03:00-04:00,2022-09-07 06:39:00-04:00,d,20,0.341,0.3701,5.30E-05,0.272986545
16890,2022-09-07 06:42:00-04:00,2022-09-07 08:05:00-04:00,d,20,0.3377,0.3665,0.000103,0.070668005
16898,2022-09-07 17:38:00-04:00,2022-09-07 18:52:00-04:00,d,20,0.236,0.256,6.80E-05,0.028321739
16899,2022-09-07 18:54:00-04:00,2022-09-07 19:36:00-04:00,d,20,0.2548,0.2765,0.000117,0.014218066
16901,2022-09-07 19:52:00-04:00,2022-09-07 20:32:00-04:00,d,20,0.2713,0.2944,9.80E-05,0.024547618
16902,2022-09-07 20:37:00-04:00,2022-09-08 00:49:00-04:00,d,20,0.3138,0.3365,4.60E-05,0.211281188
16903,2022-09-08 00:56:00-04:00,2022-09-08 04:50:00-04:00,d,20,0.3667,0.378,5.20E-05,0.213265466
16904,2022-09-08 04:56:00-04:00,2022-09-08 08:42:00-04:00,d,20,0.371,0.3825,5.30E-05,0.208713806
16905,2022-09-08 08:49:00-04:00,2022-09-08 13:11:00-04:00,d,20,0.3675,0.3789,4.90E-05,0.247253332
16907,2022-09-08 14:41:00-04:00,2022-09-08 16:36:00-04:00,d,20,0.3657,0.3771,7.80E-05,0.088616389
16908,2022-09-08 16:55:00-04:00,2022-09-08 18:19:00-04:00,d,20,0.3625,0.3738,8.50E-05,0.074911299
16910,2022-09-08 18:48:00-04:00,2022-09-08 22:47:00-04:00,d,20,0.3573,0.3683,5.20E-05,0.188006516
16911,2022-09-08 22:50:00-04:00,2022-09-09 02:30:00-04:00,d,20,0.3458,0.3564,5.00E-05,0.202522471
16912,2022-09-09 02:33:00-04:00,2022-09-09 05:25:00-04:00,d,20,0.341,0.3514,5.80E-05,0.145824307
16913,2022-09-09 05:58:00-04:00,2022-09-09 09:19:00-04:00,d,20,0.3375,0.3479,5.20E-05,0.17516391
16918,2022-09-09 11:43:00-04:00,2022-09-09 13:12:00-04:00,d,20,0.3356,0.3458,7.50E-05,0.083931131
16922,2022-09-09 14:24:00-04:00,2022-09-09 18:18:00-04:00,d,20,0.3342,0.3444,4.70E-05,0.215755208
16923,2022-09-09 19:10:00-04:00,2022-09-09 23:04:00-04:00,d,20,-0.2881,-0.2932,4.70E-05,0.211605868
16924,2022-09-09 23:10:00-04:00,2022-09-10 02:53:00-04:00,d,20,-0.3123,-0.3179,5.10E-05,0.201162585
16925,2022-09-10 03:00:00-04:00,2022-09-10 04:41:00-04:00,d,20,-0.3144,-0.32,7.70E-05,0.090710737
16927,2022-09-10 05:51:00-04:00,2022-09-10 09:24:00-04:00,d,20,-0.3137,-0.3193,5.20E-05,0.202704509
16928,2022-09-10 09:27:00-04:00,2022-09-10 13:02:00-04:00,d,20,-0.3126,-0.3182,5.20E-05,0.201742978
16929,2022-09-10 13:07:00-04:00,2022-09-10 14:10:00-04:00,d,20,-0.3108,-0.3164,9.40E-05,0.059689041
16931,2022-09-10 14:22:00-04:00,2022-09-10 17:59:00-04:00,d,20,-0.3059,-0.3114,5.60E-05,0.166036684
16932,2022-09-10 18:59:00-04:00,2022-09-10 21:57:00-04:00,d,20,-0.3084,-0.314,5.80E-05,0.158017693
16933,2022-09-10 22:57:00-04:00,2022-09-11 02:33:00-04:00,d,20,-0.306,-0.3115,5.10E-05,0.205333473
16934,2022-09-11 02:39:00-04:00,2022-09-11 06:28:00-04:00,d,20,-0.303,-0.3085,5.10E-05,0.196012485
16935,2022-09-11 06:41:00-04:00,2022-09-11 10:20:00-04:00,d,20,-0.3006,-0.306,5.00E-05,0.199279444
16943,2022-09-11 11:31:00-04:00,2022-09-11 11:43:00-04:00,d,20,-0.2979,-0.3033,0.000201,0.012639148
16944,2022-09-11 11:49:00-04:00,2022-09-11 12:57:00-04:00,d,20,-0.296,-0.3014,8.70E-05,0.06491674
16945,2022-09-11 15:38:00-04:00,2022-09-11 18:27:00-04:00,d,20,-0.156,-0.1607,7.00E-05,0.147691387
16946,2022-09-11 18:33:00-04:00,2022-09-11 19:46:00-04:00,d,20,-0.1973,-0.2033,0.000147,0.053078109
16947,2022-09-11 20:12:00-04:00,2022-09-11 23:05:00-04:00,d,20,-0.2285,-0.2354,0.000107,0.133710536
16948,2022-09-11 23:11:00-04:00,2022-09-12 01:41:00-04:00,d,20,-0.2554,-0.263,0.000235,0.033470736
16950,2022-09-12 05:38:00-04:00,2022-09-12 05:44:00-04:00,d,20,-0.2613,-0.2691,0.000564,0.006432488
16951,2022-09-12 05:47:00-04:00,2022-09-12 09:30:00-04:00,d,20,-0.2724,-0.2806,0.000106,0.19082112
16952,2022-09-12 09:38:00-04:00,2022-09-12 13:20:00-04:00,d,20,-0.2906,-0.2993,0.00011,0.197977813
16958,2022-09-12 14:05:00-04:00,2022-09-12 17:33:00-04:00,d,20,-0.3007,-0.3098,0.000115,0.200531374
16959,2022-09-12 17:41:00-04:00,2022-09-12 21:10:00-04:00,d,20,-0.3053,-0.3146,0.000118,0.196738143
16960,2022-09-12 21:21:00-04:00,2022-09-13 00:07:00-04:00,d,20,-0.306,-0.3153,0.000132,0.15367597
16961,2022-09-13 00:14:00-04:00,2022-09-13 00:26:00-04:00,d,20,-0.306,-0.3153,0.000466,0.013448174
16962,2022-09-13 00:31:00-04:00,2022-09-13 00:37:00-04:00,d,20,-0.3057,-0.3151,0.000658,0.006712653
16963,2022-09-13 00:42:00-04:00,2022-09-13 04:09:00-04:00,d,20,-0.3062,-0.3156,0.000118,0.197374711
16964,2022-09-13 04:15:00-04:00,2022-09-13 07:47:00-04:00,d,20,-0.3064,-0.3158,0.000117,0.200292349
16965,2022-09-13 07:49:00-04:00,2022-09-13 11:55:00-04:00,d,20,-0.3063,-0.3157,0.00012,0.188033138
16967,2022-09-13 12:09:00-04:00,2022-09-13 14:18:00-04:00,d,20,-0.3041,-0.3134,0.000149,0.119557146
16968,2022-09-13 14:26:00-04:00,2022-09-13 16:59:00-04:00,d,20,-0.303,-0.3124,0.000135,0.146343952
17039,2022-09-21 03:24:00-04:00,2022-09-21 07:19:00-04:00,d,20,0.4669,0.4462,6.00E-05,0.146321304
17040,2022-09-21 07:22:00-04:00,2022-09-21 09:48:00-04:00,d,20,0.4673,0.4502,7.70E-05,0.093558769
17041,2022-09-21 09:57:00-04:00,2022-09-21 12:15:00-04:00,d,20,0.423,0.4566,7.40E-05,0.119723522
17043,2022-09-21 13:10:00-04:00,2022-09-21 15:33:00-04:00,d,20,0.4233,0.457,8.50E-05,0.078695791
17044,2022-09-21 15:50:00-04:00,2022-09-21 18:22:00-04:00,d,20,0.4209,0.4545,7.80E-05,0.097580357
17046,2022-09-21 18:43:00-04:00,2022-09-21 20:43:00-04:00,d,20,0.4176,0.4509,8.00E-05,0.090410632
17047,2022-09-21 22:15:00-04:00,2022-09-21 22:43:00-04:00,d,20,0.4185,0.452,0.000181,0.01492579
17048,2022-09-21 22:48:00-04:00,2022-09-22 00:25:00-04:00,d,20,0.4153,0.4484,8.50E-05,0.077984769
17049,2022-09-22 00:32:00-04:00,2022-09-22 03:26:00-04:00,d,20,0.4099,0.4426,6.30E-05,0.149628984
17050,2022-09-22 03:33:00-04:00,2022-09-22 04:18:00-04:00,d,20,0.4068,0.4393,0.000137,0.029910134
17051,2022-09-22 04:25:00-04:00,2022-09-22 07:54:00-04:00,d,20,0.4039,0.4361,5.80E-05,0.1584917
17052,2022-09-22 08:02:00-04:00,2022-09-22 11:46:00-04:00,d,20,0.3961,0.4276,5.40E-05,0.188188313
17053,2022-09-22 11:58:00-04:00,2022-09-22 12:07:00-04:00,d,20,0.3932,0.4245,0.000314,0.005633747
17054,2022-09-22 12:13:00-04:00,2022-09-22 13:33:00-04:00,d,20,0.3934,0.4247,0.000109,0.042551412
17055,2022-09-22 14:57:00-04:00,2022-09-22 16:25:00-04:00,d,20,0.3935,0.4248,8.70E-05,0.07101752
17056,2022-09-22 16:34:00-04:00,2022-09-22 18:30:00-04:00,d,20,0.3892,0.4202,7.20E-05,0.103304989
17057,2022-09-22 18:35:00-04:00,2022-09-22 20:00:00-04:00,d,20,0.3863,0.417,8.20E-05,0.080956605
17058,2022-09-22 21:55:00-04:00,2022-09-22 23:10:00-04:00,d,20,-0.3079,-0.3357,0.000562,0.067893415
17059,2022-09-22 23:14:00-04:00,2022-09-23 00:31:00-04:00,d,20,-0.3282,-0.3578,0.000596,0.066633294
17060,2022-09-23 00:39:00-04:00,2022-09-23 04:35:00-04:00,d,20,-0.3224,-0.3515,0.000324,0.223567917
17061,2022-09-23 04:38:00-04:00,2022-09-23 06:28:00-04:00,d,20,-0.3182,-0.3468,0.000468,0.103507213
17063,2022-09-23 06:46:00-04:00,2022-09-23 10:38:00-04:00,d,20,-0.3159,-0.3443,0.000332,0.199770166
17065,2022-09-23 12:02:00-04:00,2022-09-23 14:00:00-04:00,d,20,-0.3152,-0.3436,0.000457,0.106908269
17227,2022-10-20 03:15:00-04:00,2022-10-20 07:10:00-04:00,d,20,0.4422,0.4744,0.000774,0.181735636
17229,2022-10-20 07:57:00-04:00,2022-10-20 08:10:00-04:00,d,20,0.427,0.458,0.002781,0.014736909
17230,2022-10-20 08:23:00-04:00,2022-10-20 09:59:00-04:00,d,20,0.4228,0.4532,0.001112,0.078167958
17231,2022-10-20 10:04:00-04:00,2022-10-20 10:31:00-04:00,d,20,0.4183,0.4488,0.001994,0.023078815
17233,2022-10-20 10:42:00-04:00,2022-10-20 13:21:00-04:00,d,20,0.4109,0.4407,0.000791,0.152188906
17236,2022-10-20 13:41:00-04:00,2022-10-20 14:45:00-04:00,d,20,0.4064,0.4267,0.001352,0.045763212
17237,2022-10-21 01:29:00-04:00,2022-10-21 06:11:00-04:00,d,20,0.4091,0.4296,0.000627,0.225287426
17239,2022-10-21 06:32:00-04:00,2022-10-21 10:15:00-04:00,d,20,0.4063,0.4266,0.000646,0.222516939
17240,2022-10-21 10:19:00-04:00,2022-10-21 13:57:00-04:00,d,20,0.4044,0.4246,0.000655,0.217027318
17242,2022-10-21 14:21:00-04:00,2022-10-21 17:03:00-04:00,d,20,0.3955,0.4144,0.000825,0.125276607
17243,2022-10-21 20:05:00-04:00,2022-10-21 20:37:00-04:00,d,20,0.4034,0.4235,0.001633,0.035313275
17244,2022-10-21 20:42:00-04:00,2022-10-21 21:09:00-04:00,d,20,0.4015,0.4216,0.001948,0.023200015
17245,2022-10-21 21:17:00-04:00,2022-10-22 01:03:00-04:00,d,20,0.3952,0.4149,0.000621,0.219488539
17246,2022-10-22 01:07:00-04:00,2022-10-22 04:29:00-04:00,d,20,0.3877,0.4071,0.000635,0.208896546
17248,2022-10-22 04:42:00-04:00,2022-10-22 08:16:00-04:00,d,20,0.3859,0.4052,0.000626,0.208663485
17249,2022-10-22 08:20:00-04:00,2022-10-22 09:22:00-04:00,d,20,0.3833,0.4025,0.001135,0.063770027
17252,2022-10-22 10:05:00-04:00,2022-10-22 10:31:00-04:00,d,20,0.3818,0.4009,0.001769,0.025208045
17253,2022-10-22 10:44:00-04:00,2022-10-22 11:20:00-04:00,d,20,0.3815,0.4005,0.001681,0.025811929
17254,2022-10-22 11:23:00-04:00,2022-10-22 11:27:00-04:00,d,20,0.3805,0.3995,0.004852,0.003688929
17255,2022-10-22 11:36:00-04:00,2022-10-22 11:55:00-04:00,d,20,0.3805,0.3995,0.00208,0.018348628
17258,2022-10-22 12:25:00-04:00,2022-10-22 13:48:00-04:00,d,20,0.3786,0.3975,0.001046,0.071256334
17261,2022-10-22 14:17:00-04:00,2022-10-22 15:29:00-04:00,d,20,0.3755,0.3943,0.001021,0.0767836
17262,2022-10-22 15:35:00-04:00,2022-10-22 19:09:00-04:00,d,20,0.3527,0.3703,0.000583,0.206215745
17263,2022-10-22 19:15:00-04:00,2022-10-22 21:03:00-04:00,d,20,0.3652,0.3834,0.000827,0.10854804
17264,2022-10-23 02:20:00-04:00,2022-10-23 05:59:00-04:00,d,20,-0.2322,-0.2548,8.40E-05,0.222619506
17265,2022-10-23 06:02:00-04:00,2022-10-23 10:50:00-04:00,d,20,-0.265,-0.2908,9.90E-05,0.200553241
17266,2022-10-23 11:02:00-04:00,2022-10-23 12:52:00-04:00,d,20,-0.266,-0.2919,0.000141,0.101868865
17268,2022-10-23 22:14:00-04:00,2022-10-23 23:16:00-04:00,d,20,-0.2323,-0.2548,0.000225,0.060464901
17269,2022-10-23 23:41:00-04:00,2022-10-24 03:10:00-04:00,d,20,-0.2566,-0.2816,0.000154,0.162479249
17270,2022-10-24 07:17:00-04:00,2022-10-24 11:11:00-04:00,d,20,-0.2759,-0.3028,0.000128,0.199660045
17271,2022-10-24 11:23:00-04:00,2022-10-24 14:57:00-04:00,d,20,-0.273,-0.2996,0.000113,0.160343119
17272,2022-10-24 15:29:00-04:00,2022-10-24 16:44:00-04:00,d,20,-0.2711,-0.2975,0.000185,0.059874808
17273,2022-10-24 16:56:00-04:00,2022-10-24 20:50:00-04:00,d,20,-0.2707,-0.2968,9.70E-05,0.220582392
17274,2022-10-24 20:54:00-04:00,2022-10-25 00:41:00-04:00,d,20,-0.2774,-0.3045,0.0001,0.218755206
17275,2022-10-25 00:44:00-04:00,2022-10-25 01:08:00-04:00,d,20,-0.2762,-0.3031,0.000299,0.025270189
17276,2022-10-25 01:13:00-04:00,2022-10-25 04:36:00-04:00,d,20,-0.2791,-0.3064,0.000122,0.144800357
17277,2022-10-25 06:00:00-04:00,2022-10-25 09:47:00-04:00,d,20,-0.2802,-0.3075,0.000102,0.215560674
17278,2022-10-25 09:51:00-04:00,2022-10-25 13:53:00-04:00,d,20,-0.2801,-0.3074,0.000107,0.186189568
17281,2022-10-25 15:34:00-04:00,2022-10-25 18:32:00-04:00,d,20,-0.2798,-0.3071,0.000113,0.172559558
17282,2022-10-25 18:36:00-04:00,2022-10-25 21:00:00-04:00,d,20,-0.2784,-0.3055,0.000128,0.134119679
17283,2022-10-25 21:04:00-04:00,2022-10-26 00:50:00-04:00,d,20,-0.2768,-0.3038,0.000101,0.214114628
17284,2022-10-26 00:54:00-04:00,2022-10-26 02:45:00-04:00,d,20,-0.2739,-0.3006,0.000148,0.095940979
17286,2022-10-26 03:01:00-04:00,2022-10-26 04:25:00-04:00,d,20,-0.2737,-0.3005,0.000175,0.065844994
17287,2022-10-26 04:30:00-04:00,2022-10-26 08:28:00-04:00,d,20,-0.2733,-0.3,9.70E-05,0.222552086
17288,2022-10-26 08:35:00-04:00,2022-10-26 12:15:00-04:00,d,20,-0.2708,-0.2972,0.000112,0.16149993
17289,2022-10-26 12:31:00-04:00,2022-10-26 16:10:00-04:00,d,20,-0.2704,-0.2968,0.000143,0.097127076
17290,2022-10-26 16:28:00-04:00,2022-10-26 18:24:00-04:00,d,20,-0.2683,-0.2944,0.000136,0.110064334
17292,2022-10-26 18:41:00-04:00,2022-10-26 19:45:00-04:00,d,20,-0.2669,-0.293,0.000187,0.058118938
17293,2022-10-26 21:31:00-04:00,2022-10-27 01:12:00-04:00,d,20,-0.2652,-0.2912,9.50E-05,0.219139974
17294,2022-10-27 01:17:00-04:00,2022-10-27 04:47:00-04:00,d,20,-0.2618,-0.2873,9.70E-05,0.216323535
17295,2022-10-27 04:50:00-04:00,2022-10-27 06:15:00-04:00,d,20,-0.2616,-0.2873,0.000153,0.084415993
17296,2022-10-27 06:30:00-04:00,2022-10-27 07:55:00-04:00,d,20,-0.2601,-0.2855,0.000164,0.073526283
17491,2023-02-02 11:11:00-05:00,2023-02-02 12:08:00-05:00,d,15,0.4968,0.5307,0.000481,0.038019606
17492,2023-02-02 12:11:00-05:00,2023-02-02 15:44:00-05:00,d,15,0.4791,0.5121,0.000259,0.124634577
17493,2023-02-02 17:15:00-05:00,2023-02-02 21:15:00-05:00,d,15,0.4587,0.4903,0.000212,0.176904995
17494,2023-02-02 21:17:00-05:00,2023-02-03 01:21:00-05:00,d,15,0.4404,0.4708,0.000213,0.15360631
17495,2023-02-03 01:23:00-05:00,2023-02-03 03:04:00-05:00,d,15,0.4326,0.4624,0.000348,0.052225367
17496,2023-02-03 03:09:00-05:00,2023-02-03 05:25:00-05:00,d,15,0.4256,0.4551,0.000248,0.112339217
17497,2023-02-03 05:33:00-05:00,2023-02-03 10:12:00-05:00,d,15,0.4158,0.4446,0.000176,0.212815728
17498,2023-02-03 10:31:00-05:00,2023-02-03 12:28:00-05:00,d,15,0.4135,0.4422,0.000292,0.077595401
17500,2023-02-03 13:05:00-05:00,2023-02-03 15:32:00-05:00,d,15,0.4094,0.4376,0.000252,0.100694527
17501,2023-02-03 15:58:00-05:00,2023-02-03 16:13:00-05:00,d,15,0.4071,0.4354,0.000802,0.010593199
17502,2023-02-03 16:23:00-05:00,2023-02-03 19:24:00-05:00,d,15,0.4011,0.4291,0.000212,0.142672738
17504,2023-02-03 19:52:00-05:00,2023-02-03 20:08:00-05:00,d,15,0.3959,0.4237,0.000672,0.015773296
17505,2023-02-03 20:16:00-05:00,2023-02-04 00:17:00-05:00,d,15,0.3929,0.4203,0.000188,0.189808631
17506,2023-02-04 00:19:00-05:00,2023-02-04 04:25:00-05:00,d,15,0.3695,0.3954,0.000166,0.212927109
17507,2023-02-04 04:27:00-05:00,2023-02-04 08:23:00-05:00,d,15,0.3196,0.3421,0.000182,0.124410315
17508,2023-02-04 08:27:00-05:00,2023-02-04 12:09:00-05:00,d,15,0.3752,0.4014,0.00019,0.159201543
17509,2023-02-04 12:12:00-05:00,2023-02-04 15:31:00-05:00,d,15,0.3809,0.4076,0.000243,0.074688192
17510,2023-02-04 21:08:00-05:00,2023-02-05 01:13:00-05:00,d,15,0.3823,0.4091,0.000184,0.15711125
17511,2023-02-05 01:15:00-05:00,2023-02-05 02:19:00-05:00,d,15,0.3782,0.4049,0.000483,0.020492257
17512,2023-02-05 03:50:00-05:00,2023-02-05 07:45:00-05:00,d,15,0.3764,0.4028,0.000228,0.105010916
17513,2023-02-05 08:41:00-05:00,2023-02-05 10:51:00-05:00,d,15,0.3741,0.4003,0.000239,0.089605854
17523,2023-02-07 05:59:00-05:00,2023-02-07 06:25:00-05:00,d,15,-0.3732,-0.372,0.001317,0.011023749
17524,2023-02-07 06:28:00-05:00,2023-02-07 07:44:00-05:00,d,15,-0.3761,-0.375,0.00154,0.008944127
17527,2023-02-07 21:46:00-05:00,2023-02-08 01:54:00-05:00,d,15,-0.372,-0.3707,0.000436,0.133692312
17529,2023-02-08 03:03:00-05:00,2023-02-08 07:02:00-05:00,d,15,-0.3563,-0.3553,0.000378,0.162462916
17530,2023-02-08 07:05:00-05:00,2023-02-08 10:01:00-05:00,d,15,-0.3475,-0.3465,0.000411,0.126801962
17535,2023-02-09 01:20:00-05:00,2023-02-09 02:45:00-05:00,d,15,-0.343,-0.3419,0.000589,0.060946613
17537,2023-02-09 03:03:00-05:00,2023-02-09 05:59:00-05:00,d,15,-0.3349,-0.3339,0.000404,0.122906772
17538,2023-02-09 06:05:00-05:00,2023-02-09 10:03:00-05:00,d,15,-0.3412,-0.3402,0.000344,0.174974015
17540,2023-02-09 10:41:00-05:00,2023-02-09 14:42:00-05:00,d,15,-0.3299,-0.329,0.000334,0.118616344
17541,2023-02-09 14:50:00-05:00,2023-02-09 19:03:00-05:00,d,15,-0.3238,-0.3229,0.000339,0.151908424
17542,2023-02-09 19:06:00-05:00,2023-02-09 22:12:00-05:00,d,15,-0.3173,-0.3165,0.000388,0.114046612
17544,2023-02-10 21:24:00-05:00,2023-02-11 02:07:00-05:00,d,15,-0.2586,-0.2687,0.000173,0.20703494
17545,2023-02-11 02:10:00-05:00,2023-02-11 06:08:00-05:00,d,15,-0.2584,-0.2687,0.000198,0.158808675
17546,2023-02-11 06:10:00-05:00,2023-02-11 09:43:00-05:00,d,15,-0.2631,-0.2736,0.000205,0.156410029
17547,2023-02-11 10:12:00-05:00,2023-02-11 14:12:00-05:00,d,15,-0.3091,-0.317,0.000257,0.129975191
17548,2023-02-11 14:15:00-05:00,2023-02-11 15:55:00-05:00,d,15,-0.3091,-0.3123,0.000406,0.054700594
17549,2023-02-11 16:02:00-05:00,2023-02-11 20:00:00-05:00,d,15,-0.3112,-0.3144,0.000215,0.204427216
17550,2023-02-11 20:08:00-05:00,2023-02-12 00:07:00-05:00,d,15,-0.3103,-0.3136,0.000223,0.178067115
17551,2023-02-12 00:10:00-05:00,2023-02-12 04:04:00-05:00,d,15,-0.3105,-0.3139,0.000226,0.169269425
17552,2023-02-12 04:06:00-05:00,2023-02-12 06:03:00-05:00,d,15,-0.3105,-0.3138,0.000449,0.041129403
17554,2023-02-12 06:51:00-05:00,2023-02-12 08:53:00-05:00,d,15,-0.3091,-0.3124,0.000302,0.091755696
17555,2023-02-12 10:17:00-05:00,2023-02-12 14:11:00-05:00,d,15,-0.3083,-0.3115,0.000215,0.178477383
17556,2023-02-12 14:14:00-05:00,2023-02-12 16:14:00-05:00,d,15,-0.3061,-0.3093,0.000295,0.090097961
17557,2023-02-12 16:26:00-05:00,2023-02-12 17:15:00-05:00,d,15,-0.306,-0.3091,0.000474,0.035545185
17558,2023-02-12 17:22:00-05:00,2023-02-12 21:21:00-05:00,d,15,-0.3058,-0.3089,0.000219,0.173888798
17559,2023-02-12 21:23:00-05:00,2023-02-13 01:26:00-05:00,d,15,-0.3032,-0.3063,0.00021,0.179697167
17560,2023-02-13 01:28:00-05:00,2023-02-13 05:19:00-05:00,d,15,-0.3011,-0.3044,0.00021,0.18220003
17650,2023-02-25 10:45:00-05:00,2023-02-25 14:46:00-05:00,d,15,-0.4563,-0.441,8.50E-05,0.19322653
17651,2023-02-25 14:49:00-05:00,2023-02-25 15:46:00-05:00,d,15,-0.4141,-0.4002,0.000154,0.048453595
17652,2023-02-25 15:50:00-05:00,2023-02-25 17:17:00-05:00,d,15,-0.3993,-0.3859,0.000124,0.067269515
17653,2023-02-25 17:25:00-05:00,2023-02-25 21:26:00-05:00,d,15,-0.367,-0.3546,6.70E-05,0.199207339
17654,2023-02-25 21:28:00-05:00,2023-02-26 01:28:00-05:00,d,15,-0.3639,-0.3516,6.60E-05,0.202921418
17655,2023-02-26 01:50:00-05:00,2023-02-26 05:51:00-05:00,d,15,-0.3541,-0.3421,6.60E-05,0.176527834
17658,2023-02-26 06:26:00-05:00,2023-02-26 10:28:00-05:00,d,15,-0.3536,-0.3417,6.70E-05,0.186791271
17659,2023-02-26 10:36:00-05:00,2023-02-26 13:07:00-05:00,d,15,-0.341,-0.3294,8.70E-05,0.100496477
17661,2023-02-26 14:58:00-05:00,2023-02-26 18:58:00-05:00,d,15,-0.3369,-0.3255,6.20E-05,0.188527312
17662,2023-02-26 19:04:00-05:00,2023-02-26 22:30:00-05:00,d,15,-0.3394,-0.328,6.80E-05,0.162358695
17664,2023-02-26 22:43:00-05:00,2023-02-27 02:20:00-05:00,d,15,-0.3379,-0.3265,6.50E-05,0.177798398
17665,2023-02-27 02:28:00-05:00,2023-02-27 06:28:00-05:00,d,15,-0.3348,-0.3235,6.10E-05,0.177661395
17666,2023-02-27 06:30:00-05:00,2023-02-27 08:38:00-05:00,d,15,-0.3343,-0.3231,8.40E-05,0.094507538
17667,2023-02-27 08:41:00-05:00,2023-02-27 10:46:00-05:00,d,15,-0.3336,-0.3225,9.10E-05,0.078534559
17678,2023-03-01 22:12:00-05:00,2023-03-02 02:13:00-05:00,d,15,0.4741,0.4794,0.000337,0.123601753
17679,2023-03-02 02:15:00-05:00,2023-03-02 05:36:00-05:00,d,15,0.4647,0.4699,0.000306,0.095660386
17681,2023-03-02 06:42:00-05:00,2023-03-02 09:26:00-05:00,d,15,0.4583,0.4634,0.000371,0.104926565
17682,2023-03-02 13:59:00-05:00,2023-03-02 17:48:00-05:00,d,15,0.4565,0.4617,0.000978,0.015536191
17683,2023-03-02 20:05:00-05:00,2023-03-02 23:14:00-05:00,d,15,0.4452,0.4503,0.000312,0.149110218
17684,2023-03-02 23:21:00-05:00,2023-03-03 03:40:00-05:00,d,15,0.4307,0.4357,0.000273,0.176080954
17685,2023-03-03 03:43:00-05:00,2023-03-03 07:55:00-05:00,d,15,0.4173,0.4222,0.000271,0.178716686
17686,2023-03-03 08:04:00-05:00,2023-03-03 10:03:00-05:00,d,15,0.4099,0.4147,0.000527,0.044231198
17687,2023-03-03 20:24:00-05:00,2023-03-03 21:08:00-05:00,d,15,0.3932,0.376,0.000292,0.033650503
17688,2023-03-03 23:19:00-05:00,2023-03-04 00:55:00-05:00,d,15,0.4092,0.3913,0.000215,0.06906412
17689,2023-03-04 01:03:00-05:00,2023-03-04 02:57:00-05:00,d,15,0.4116,0.3935,0.000191,0.088382416
17690,2023-03-04 03:04:00-05:00,2023-03-04 03:30:00-05:00,d,15,0.4184,0.4,0.00042,0.019705482
17691,2023-03-04 03:37:00-05:00,2023-03-04 06:32:00-05:00,d,15,0.4179,0.3995,0.000164,0.1312355
17692,2023-03-04 06:41:00-05:00,2023-03-04 07:55:00-05:00,d,15,0.4114,0.3934,0.000234,0.060664185
17693,2023-03-04 12:27:00-05:00,2023-03-04 14:37:00-05:00,d,15,0.4114,0.3934,0.000215,0.069623529
17694,2023-03-04 19:09:00-05:00,2023-03-04 23:08:00-05:00,d,15,0.4009,0.3833,0.00013,0.187925729
17695,2023-03-04 23:16:00-05:00,2023-03-05 03:32:00-05:00,d,15,0.3918,0.3746,0.000131,0.174656956
17696,2023-03-05 03:34:00-05:00,2023-03-05 07:22:00-05:00,d,15,0.3836,0.3668,0.000141,0.146415205
17697,2023-03-05 07:25:00-05:00,2023-03-05 11:26:00-05:00,d,15,0.3788,0.3622,0.000123,0.184104131
17698,2023-03-05 11:35:00-05:00,2023-03-05 15:07:00-05:00,d,15,0.3717,0.3554,0.000125,0.178957275
17699,2023-03-05 15:14:00-05:00,2023-03-05 16:07:00-05:00,d,15,0.3683,0.3521,0.00028,0.035002427
17700,2023-03-05 19:29:00-05:00,2023-03-05 23:29:00-05:00,d,15,0.3662,0.3501,0.000119,0.179190926
17701,2023-03-05 23:32:00-05:00,2023-03-06 03:45:00-05:00,d,15,0.3612,0.3454,0.000114,0.181379183
17702,2023-03-06 03:48:00-05:00,2023-03-06 08:10:00-05:00,d,15,0.3532,0.3378,0.000112,0.178621876
17780,2023-03-15 20:10:00-04:00,2023-03-15 20:58:00-04:00,d,15,0.4761,0.4892,0.000366,0.038672182
17781,2023-03-15 21:14:00-04:00,2023-03-15 23:06:00-04:00,d,15,0.4702,0.4832,0.000263,0.077438423
17782,2023-03-15 23:24:00-04:00,2023-03-16 00:02:00-04:00,d,15,0.4646,0.4772,0.000409,0.030280039
17783,2023-03-16 00:06:00-04:00,2023-03-16 03:13:00-04:00,d,15,0.4511,0.4634,0.000184,0.144464838
17784,2023-03-16 05:32:00-04:00,2023-03-16 06:57:00-04:00,d,15,0.4408,0.4528,0.000292,0.053839032
17785,2023-03-16 07:05:00-04:00,2023-03-16 10:44:00-04:00,d,15,0.4303,0.442,0.000161,0.168040993
17786,2023-03-16 10:48:00-04:00,2023-03-16 14:23:00-04:00,d,15,0.4183,0.4297,0.000162,0.161128195
17787,2023-03-16 14:43:00-04:00,2023-03-16 19:01:00-04:00,d,15,0.4113,0.4224,0.000153,0.167279744
17788,2023-03-16 19:06:00-04:00,2023-03-16 22:34:00-04:00,d,15,0.4012,0.4121,0.000151,0.167032984
17789,2023-03-16 22:39:00-04:00,2023-03-17 01:58:00-04:00,d,15,0.3903,0.4009,0.000148,0.166491004
17790,2023-03-17 02:10:00-04:00,2023-03-17 05:29:00-04:00,d,15,0.384,0.3943,0.000145,0.167596992
17791,2023-03-17 05:35:00-04:00,2023-03-17 09:30:00-04:00,d,15,0.3774,0.3876,0.000147,0.155915543
17792,2023-03-17 14:43:00-04:00,2023-03-17 17:29:00-04:00,d,15,-0.2562,-0.2629,5.00E-05,0.126499119
17793,2023-03-17 17:34:00-04:00,2023-03-17 21:19:00-04:00,d,15,-0.2806,-0.288,4.60E-05,0.177030189
17794,2023-03-17 21:23:00-04:00,2023-03-18 01:06:00-04:00,d,15,-0.3072,-0.3153,5.00E-05,0.178312048
17795,2023-03-18 01:11:00-04:00,2023-03-18 02:38:00-04:00,d,15,-0.3093,-0.3174,0.000107,0.039613388
17796,2023-03-18 05:51:00-04:00,2023-03-18 07:59:00-04:00,d,15,-0.2523,-0.259,5.50E-05,0.10647104
17797,2023-03-18 08:10:00-04:00,2023-03-18 11:35:00-04:00,d,15,-0.3053,-0.3134,5.10E-05,0.172252163
17798,2023-03-18 11:50:00-04:00,2023-03-18 15:01:00-04:00,d,15,-0.3296,-0.3385,5.80E-05,0.146532386
17799,2023-03-18 15:10:00-04:00,2023-03-18 17:27:00-04:00,d,15,-0.3269,-0.3357,6.90E-05,0.101364778
17800,2023-03-18 17:56:00-04:00,2023-03-18 21:47:00-04:00,d,15,-0.3281,-0.3368,5.30E-05,0.178854391
17801,2023-03-18 21:51:00-04:00,2023-03-18 22:40:00-04:00,d,15,-0.3221,-0.3308,0.000109,0.042296524
17802,2023-03-18 22:52:00-04:00,2023-03-19 02:41:00-04:00,d,15,-0.3227,-0.3314,5.20E-05,0.180335419
17803,2023-03-19 02:47:00-04:00,2023-03-19 06:52:00-04:00,d,15,-0.321,-0.3296,5.40E-05,0.170231448
17804,2023-03-19 07:03:00-04:00,2023-03-19 08:49:00-04:00,d,15,-0.3213,-0.3299,7.50E-05,0.083528033